turtle43@pa28pi:~/pa-opencr-build$ python3 -m serial.tools.miniterm "$PORT" 115200 --eol LF -e
--- Miniterm on /dev/ttyACM0  115200,8,N,1 ---
--- Quit: Ctrl+] | Menu: Ctrl+T | Help: Ctrl+T followed by Ctrl+H ---
s 3 120 -90
Invalid setting. Finite Kp, positive speed or max, angle -90..90. Use k/v/a or s <Kp> <speed_deg_s|max> <angle_deg>.
s 3 120 -90
START: current position = 0 deg.
P SET Kp=3.0000, Ki=0.0000, Kd=0.0000, speed_limit_deg_s=120.000, angle_deg=-90.000
Run timeout [s]: 60.0
target_deg:0.000        position_deg:0.000      error_deg:0.000 p_deg_s:0.000   i_deg_s:0.000   d_deg_s:0.000   pid_deg_s:0.000 speed_deg_s:0.000       u_deg_s:0.000   v_limit_deg_s:120.000   dt_ms:10.000 kp:3.0000        ki:0.0000       kd:0.0000       t_s:0.100
target_deg:0.000        position_deg:0.000      error_deg:0.000 p_deg_s:0.000   i_deg_s:0.000   d_deg_s:0.000   pid_deg_s:0.000 speed_deg_s:0.000       u_deg_s:0.000   v_limit_deg_s:120.000   dt_ms:10.001 kp:3.0000        ki:0.0000       kd:0.0000       t_s:0.200
target_deg:0.000        position_deg:0.088      error_deg:-0.088        p_deg_s:0.000   i_deg_s:0.000   d_deg_s:0.000   pid_deg_s:0.000 speed_deg_s:0.000       u_deg_s:0.000   v_limit_deg_s:120.000   dt_ms:10.000  kp:3.0000       ki:0.0000       kd:0.0000       t_s:0.300
target_deg:0.000        position_deg:0.088      error_deg:-0.088        p_deg_s:0.000   i_deg_s:0.000   d_deg_s:0.000   pid_deg_s:0.000 speed_deg_s:0.000       u_deg_s:0.000   v_limit_deg_s:120.000   dt_ms:10.000  kp:3.0000       ki:0.0000       kd:0.0000       t_s:0.400
target_deg:0.000        position_deg:0.000      error_deg:0.000 p_deg_s:0.000   i_deg_s:0.000   d_deg_s:0.000   pid_deg_s:0.000 speed_deg_s:0.000       u_deg_s:0.000   v_limit_deg_s:120.000   dt_ms:10.000 kp:3.0000        ki:0.0000       kd:0.0000       t_s:0.500
target_deg:0.000        position_deg:0.000      error_deg:0.000 p_deg_s:0.000   i_deg_s:0.000   d_deg_s:0.000   pid_deg_s:0.000 speed_deg_s:0.000       u_deg_s:0.000   v_limit_deg_s:120.000   dt_ms:10.000 kp:3.0000        ki:0.0000       kd:0.0000       t_s:0.600
target_deg:0.000        position_deg:0.088      error_deg:-0.088        p_deg_s:0.000   i_deg_s:0.000   d_deg_s:0.000   pid_deg_s:0.000 speed_deg_s:0.000       u_deg_s:0.000   v_limit_deg_s:120.000   dt_ms:10.000  kp:3.0000       ki:0.0000       kd:0.0000       t_s:0.700
target_deg:0.000        position_deg:0.000      error_deg:0.000 p_deg_s:0.000   i_deg_s:0.000   d_deg_s:0.000   pid_deg_s:0.000 speed_deg_s:0.000       u_deg_s:0.000   v_limit_deg_s:120.000   dt_ms:10.000 kp:3.0000        ki:0.0000       kd:0.0000       t_s:0.800
target_deg:0.000        position_deg:0.000      error_deg:0.000 p_deg_s:0.000   i_deg_s:0.000   d_deg_s:0.000   pid_deg_s:0.000 speed_deg_s:0.000       u_deg_s:0.000   v_limit_deg_s:120.000   dt_ms:10.001 kp:3.0000        ki:0.0000       kd:0.0000       t_s:0.900
target_deg:0.000        position_deg:0.000      error_deg:0.000 p_deg_s:0.000   i_deg_s:0.000   d_deg_s:0.000   pid_deg_s:0.000 speed_deg_s:0.000       u_deg_s:0.000   v_limit_deg_s:120.000   dt_ms:10.000 kp:3.0000        ki:0.0000       kd:0.0000       t_s:1.000
target_deg:0.000        position_deg:0.000      error_deg:0.000 p_deg_s:0.000   i_deg_s:0.000   d_deg_s:0.000   pid_deg_s:0.000 speed_deg_s:0.000       u_deg_s:0.000   v_limit_deg_s:120.000   dt_ms:10.000 kp:3.0000        ki:0.0000       kd:0.0000       t_s:1.100
target_deg:0.000        position_deg:0.088      error_deg:-0.088        p_deg_s:0.000   i_deg_s:0.000   d_deg_s:0.000   pid_deg_s:0.000 speed_deg_s:0.000       u_deg_s:0.000   v_limit_deg_s:120.000   dt_ms:10.000  kp:3.0000       ki:0.0000       kd:0.0000       t_s:1.200
target_deg:0.000        position_deg:0.088      error_deg:-0.088        p_deg_s:0.000   i_deg_s:0.000   d_deg_s:0.000   pid_deg_s:0.000 speed_deg_s:0.000       u_deg_s:0.000   v_limit_deg_s:120.000   dt_ms:10.000  kp:3.0000       ki:0.0000       kd:0.0000       t_s:1.300
target_deg:0.000        position_deg:0.000      error_deg:0.000 p_deg_s:0.000   i_deg_s:0.000   d_deg_s:0.000   pid_deg_s:0.000 speed_deg_s:0.000       u_deg_s:0.000   v_limit_deg_s:120.000   dt_ms:10.000 kp:3.0000        ki:0.0000       kd:0.0000       t_s:1.400
target_deg:0.000        position_deg:0.000      error_deg:0.000 p_deg_s:0.000   i_deg_s:0.000   d_deg_s:0.000   pid_deg_s:0.000 speed_deg_s:0.000       u_deg_s:0.000   v_limit_deg_s:120.000   dt_ms:10.000 kp:3.0000        ki:0.0000       kd:0.0000       t_s:1.500
target_deg:0.000        position_deg:0.000      error_deg:0.000 p_deg_s:0.000   i_deg_s:0.000   d_deg_s:0.000   pid_deg_s:0.000 speed_deg_s:0.000       u_deg_s:0.000   v_limit_deg_s:120.000   dt_ms:10.000 kp:3.0000        ki:0.0000       kd:0.0000       t_s:1.600
target_deg:0.000        position_deg:0.000      error_deg:0.000 p_deg_s:0.000   i_deg_s:0.000   d_deg_s:0.000   pid_deg_s:0.000 speed_deg_s:0.000       u_deg_s:0.000   v_limit_deg_s:120.000   dt_ms:10.001 kp:3.0000        ki:0.0000       kd:0.0000       t_s:1.700
target_deg:0.000        position_deg:0.000      error_deg:0.000 p_deg_s:0.000   i_deg_s:0.000   d_deg_s:0.000   pid_deg_s:0.000 speed_deg_s:0.000       u_deg_s:0.000   v_limit_deg_s:120.000   dt_ms:10.000 kp:3.0000        ki:0.0000       kd:0.0000       t_s:1.800
target_deg:0.000        position_deg:0.000      error_deg:0.000 p_deg_s:0.000   i_deg_s:0.000   d_deg_s:0.000   pid_deg_s:0.000 speed_deg_s:0.000       u_deg_s:0.000   v_limit_deg_s:120.000   dt_ms:10.000 kp:3.0000        ki:0.0000       kd:0.0000       t_s:1.900
target_deg:-90.000      position_deg:0.000      error_deg:-90.000       p_deg_s:-270.000        i_deg_s:0.000   d_deg_s:0.000   pid_deg_s:-270.000      speed_deg_s:0.000       u_deg_s:-119.538        v_limit_deg_s:120.000 dt_ms:10.000    kp:3.0000       ki:0.0000       kd:0.0000       t_s:2.000
target_deg:-90.000      position_deg:-0.264     error_deg:-89.736       p_deg_s:-269.209        i_deg_s:0.000   d_deg_s:0.000   pid_deg_s:-269.209      speed_deg_s:-1.374      u_deg_s:-119.538        v_limit_deg_s:120.000 dt_ms:10.000    kp:3.0000       ki:0.0000       kd:0.0000       t_s:2.100
target_deg:-90.000      position_deg:-1.406     error_deg:-88.594       p_deg_s:-265.781        i_deg_s:0.000   d_deg_s:0.000   pid_deg_s:-265.781      speed_deg_s:-10.992     u_deg_s:-119.538        v_limit_deg_s:120.000 dt_ms:10.000    kp:3.0000       ki:0.0000       kd:0.0000       t_s:2.200
target_deg:-90.000      position_deg:-3.516     error_deg:-86.484       p_deg_s:-259.453        i_deg_s:0.000   d_deg_s:0.000   pid_deg_s:-259.453      speed_deg_s:-20.610     u_deg_s:-119.538        v_limit_deg_s:120.000 dt_ms:10.000    kp:3.0000       ki:0.0000       kd:0.0000       t_s:2.300
target_deg:-90.000      position_deg:-6.768     error_deg:-83.232       p_deg_s:-249.697        i_deg_s:0.000   d_deg_s:0.000   pid_deg_s:-249.697      speed_deg_s:-30.228     u_deg_s:-119.538        v_limit_deg_s:120.000 dt_ms:10.000    kp:3.0000       ki:0.0000       kd:0.0000       t_s:2.400
target_deg:-90.000      position_deg:-10.986    error_deg:-79.014       p_deg_s:-237.041        i_deg_s:0.000   d_deg_s:0.000   pid_deg_s:-237.041      speed_deg_s:-41.220     u_deg_s:-119.538        v_limit_deg_s:120.000 dt_ms:10.000    kp:3.0000       ki:0.0000       kd:0.0000       t_s:2.500
target_deg:-90.000      position_deg:-16.348    error_deg:-73.652       p_deg_s:-220.957        i_deg_s:0.000   d_deg_s:0.000   pid_deg_s:-220.957      speed_deg_s:-50.838     u_deg_s:-119.538        v_limit_deg_s:120.000 dt_ms:10.000    kp:3.0000       ki:0.0000       kd:0.0000       t_s:2.600
target_deg:-90.000      position_deg:-22.588    error_deg:-67.412       p_deg_s:-202.236        i_deg_s:0.000   d_deg_s:0.000   pid_deg_s:-202.236      speed_deg_s:-61.830     u_deg_s:-119.538        v_limit_deg_s:120.000 dt_ms:10.001    kp:3.0000       ki:0.0000       kd:0.0000       t_s:2.700
target_deg:-90.000      position_deg:-30.059    error_deg:-59.941       p_deg_s:-179.824        i_deg_s:0.000   d_deg_s:0.000   pid_deg_s:-179.824      speed_deg_s:-71.448     u_deg_s:-119.538        v_limit_deg_s:120.000 dt_ms:10.000    kp:3.0000       ki:0.0000       kd:0.0000       t_s:2.800
target_deg:-90.000      position_deg:-38.408    error_deg:-51.592       p_deg_s:-154.775        i_deg_s:0.000   d_deg_s:0.000   pid_deg_s:-154.775      speed_deg_s:-82.440     u_deg_s:-119.538        v_limit_deg_s:120.000 dt_ms:10.000    kp:3.0000       ki:0.0000       kd:0.0000       t_s:2.900
target_deg:-90.000      position_deg:-47.900    error_deg:-42.100       p_deg_s:-126.299        i_deg_s:0.000   d_deg_s:0.000   pid_deg_s:-126.299      speed_deg_s:-92.058     u_deg_s:-119.538        v_limit_deg_s:120.000 dt_ms:10.000    kp:3.0000       ki:0.0000       kd:0.0000       t_s:3.000
target_deg:-90.000      position_deg:-58.271    error_deg:-31.729       p_deg_s:-95.186 i_deg_s:0.000   d_deg_s:0.000   pid_deg_s:-95.186       speed_deg_s:-103.050    u_deg_s:-94.806 v_limit_deg_s:120.000dt_ms:10.000     kp:3.0000       ki:0.0000       kd:0.0000       t_s:3.100
target_deg:-90.000      position_deg:-68.906    error_deg:-21.094       p_deg_s:-63.281 i_deg_s:0.000   d_deg_s:0.000   pid_deg_s:-63.281       speed_deg_s:-104.424    u_deg_s:-63.204 v_limit_deg_s:120.000dt_ms:10.000     kp:3.0000       ki:0.0000       kd:0.0000       t_s:3.200
target_deg:-90.000      position_deg:-78.398    error_deg:-11.602       p_deg_s:-34.805 i_deg_s:0.000   d_deg_s:0.000   pid_deg_s:-34.805       speed_deg_s:-94.806     u_deg_s:-34.350 v_limit_deg_s:120.000dt_ms:10.001     kp:3.0000       ki:0.0000       kd:0.0000       t_s:3.300
target_deg:-90.000      position_deg:-87.012    error_deg:-2.988        p_deg_s:-8.965  i_deg_s:0.000   d_deg_s:0.000   pid_deg_s:-8.965        speed_deg_s:-83.814     u_deg_s:-9.618  v_limit_deg_s:120.000dt_ms:10.001     kp:3.0000       ki:0.0000       kd:0.0000       t_s:3.400
target_deg:-90.000      position_deg:-94.395    error_deg:4.395 p_deg_s:13.184  i_deg_s:0.000   d_deg_s:0.000   pid_deg_s:13.184        speed_deg_s:-74.196     u_deg_s:13.740  v_limit_deg_s:120.000   dt_ms:10.000  kp:3.0000       ki:0.0000       kd:0.0000       t_s:3.500
target_deg:-90.000      position_deg:-100.898   error_deg:10.898        p_deg_s:32.695  i_deg_s:0.000   d_deg_s:0.000   pid_deg_s:32.695        speed_deg_s:-64.578     u_deg_s:32.976  v_limit_deg_s:120.000dt_ms:10.001     kp:3.0000       ki:0.0000       kd:0.0000       t_s:3.600
target_deg:-90.000      position_deg:-106.172   error_deg:16.172        p_deg_s:48.516  i_deg_s:0.000   d_deg_s:0.000   pid_deg_s:48.516        speed_deg_s:-52.212     u_deg_s:48.090  v_limit_deg_s:120.000dt_ms:10.000     kp:3.0000       ki:0.0000       kd:0.0000       t_s:3.700
target_deg:-90.000      position_deg:-110.479   error_deg:20.479        p_deg_s:61.436  i_deg_s:0.000   d_deg_s:0.000   pid_deg_s:61.436        speed_deg_s:-42.594     u_deg_s:61.830  v_limit_deg_s:120.000dt_ms:10.000     kp:3.0000       ki:0.0000       kd:0.0000       t_s:3.800
target_deg:-90.000      position_deg:-113.818   error_deg:23.818        p_deg_s:71.455  i_deg_s:0.000   d_deg_s:0.000   pid_deg_s:71.455        speed_deg_s:-32.976     u_deg_s:71.448  v_limit_deg_s:120.000dt_ms:10.000     kp:3.0000       ki:0.0000       kd:0.0000       t_s:3.900
target_deg:-90.000      position_deg:-116.104   error_deg:26.104        p_deg_s:78.311  i_deg_s:0.000   d_deg_s:0.000   pid_deg_s:78.311        speed_deg_s:-21.984     u_deg_s:78.318  v_limit_deg_s:120.000dt_ms:10.000     kp:3.0000       ki:0.0000       kd:0.0000       t_s:4.000
target_deg:-90.000      position_deg:-117.334   error_deg:27.334        p_deg_s:82.002  i_deg_s:0.000   d_deg_s:0.000   pid_deg_s:82.002        speed_deg_s:-12.366     u_deg_s:82.440  v_limit_deg_s:120.000dt_ms:10.000     kp:3.0000       ki:0.0000       kd:0.0000       t_s:4.100
target_deg:-90.000      position_deg:-117.422   error_deg:27.422        p_deg_s:82.266  i_deg_s:0.000   d_deg_s:0.000   pid_deg_s:82.266        speed_deg_s:0.000       u_deg_s:82.440  v_limit_deg_s:120.000dt_ms:10.000     kp:3.0000       ki:0.0000       kd:0.0000       t_s:4.200
target_deg:-90.000      position_deg:-116.543   error_deg:26.543        p_deg_s:79.629  i_deg_s:0.000   d_deg_s:0.000   pid_deg_s:79.629        speed_deg_s:8.244       u_deg_s:79.692  v_limit_deg_s:120.000dt_ms:10.000     kp:3.0000       ki:0.0000       kd:0.0000       t_s:4.300
target_deg:-90.000      position_deg:-114.697   error_deg:24.697        p_deg_s:74.092  i_deg_s:0.000   d_deg_s:0.000   pid_deg_s:74.092        speed_deg_s:17.862      u_deg_s:74.196  v_limit_deg_s:120.000dt_ms:10.000     kp:3.0000       ki:0.0000       kd:0.0000       t_s:4.400
target_deg:-90.000      position_deg:-111.885   error_deg:21.885        p_deg_s:65.654  i_deg_s:0.000   d_deg_s:0.000   pid_deg_s:65.654        speed_deg_s:27.480      u_deg_s:65.952  v_limit_deg_s:120.000dt_ms:10.000     kp:3.0000       ki:0.0000       kd:0.0000       t_s:4.500
target_deg:-90.000      position_deg:-108.018   error_deg:18.018        p_deg_s:54.053  i_deg_s:0.000   d_deg_s:0.000   pid_deg_s:54.053        speed_deg_s:37.098      u_deg_s:53.586  v_limit_deg_s:120.000dt_ms:10.000     kp:3.0000       ki:0.0000       kd:0.0000       t_s:4.600
target_deg:-90.000      position_deg:-103.447   error_deg:13.447        p_deg_s:40.342  i_deg_s:0.000   d_deg_s:0.000   pid_deg_s:40.342        speed_deg_s:46.716      u_deg_s:39.846  v_limit_deg_s:120.000dt_ms:10.000     kp:3.0000       ki:0.0000       kd:0.0000       t_s:4.700
target_deg:-90.000      position_deg:-99.141    error_deg:9.141 p_deg_s:27.422  i_deg_s:0.000   d_deg_s:0.000   pid_deg_s:27.422        speed_deg_s:41.220      u_deg_s:27.480  v_limit_deg_s:120.000   dt_ms:10.000  kp:3.0000       ki:0.0000       kd:0.0000       t_s:4.800
target_deg:-90.000      position_deg:-95.889    error_deg:5.889 p_deg_s:17.666  i_deg_s:0.000   d_deg_s:0.000   pid_deg_s:17.666        speed_deg_s:31.602      u_deg_s:17.862  v_limit_deg_s:120.000   dt_ms:10.001  kp:3.0000       ki:0.0000       kd:0.0000       t_s:4.900
target_deg:-90.000      position_deg:-93.691    error_deg:3.691 p_deg_s:11.074  i_deg_s:0.000   d_deg_s:0.000   pid_deg_s:11.074        speed_deg_s:21.984      u_deg_s:10.992  v_limit_deg_s:120.000   dt_ms:10.000  kp:3.0000       ki:0.0000       kd:0.0000       t_s:5.000
target_deg:-90.000      position_deg:-92.461    error_deg:2.461 p_deg_s:7.383   i_deg_s:0.000   d_deg_s:0.000   pid_deg_s:7.383 speed_deg_s:12.366      u_deg_s:6.870   v_limit_deg_s:120.000   dt_ms:10.000 kp:3.0000        ki:0.0000       kd:0.0000       t_s:5.100
target_deg:-90.000      position_deg:-91.670    error_deg:1.670 p_deg_s:5.010   i_deg_s:0.000   d_deg_s:0.000   pid_deg_s:5.010 speed_deg_s:5.496       u_deg_s:5.496   v_limit_deg_s:120.000   dt_ms:10.000 kp:3.0000        ki:0.0000       kd:0.0000       t_s:5.200
target_deg:-90.000      position_deg:-91.230    error_deg:1.230 p_deg_s:3.691   i_deg_s:0.000   d_deg_s:0.000   pid_deg_s:3.691 speed_deg_s:4.122       u_deg_s:4.122   v_limit_deg_s:120.000   dt_ms:10.000 kp:3.0000        ki:0.0000       kd:0.0000       t_s:5.300
target_deg:-90.000      position_deg:-90.879    error_deg:0.879 p_deg_s:2.637   i_deg_s:0.000   d_deg_s:0.000   pid_deg_s:2.637 speed_deg_s:2.748       u_deg_s:2.748   v_limit_deg_s:120.000   dt_ms:10.000 kp:3.0000        ki:0.0000       kd:0.0000       t_s:5.400
target_deg:-90.000      position_deg:-90.615    error_deg:0.615 p_deg_s:1.846   i_deg_s:0.000   d_deg_s:0.000   pid_deg_s:1.846 speed_deg_s:2.748       u_deg_s:1.374   v_limit_deg_s:120.000   dt_ms:10.000 kp:3.0000        ki:0.0000       kd:0.0000       t_s:5.500
target_deg:-90.000      position_deg:-90.439    error_deg:0.439 p_deg_s:1.318   i_deg_s:0.000   d_deg_s:0.000   pid_deg_s:1.318 speed_deg_s:1.374       u_deg_s:1.374   v_limit_deg_s:120.000   dt_ms:10.001 kp:3.0000        ki:0.0000       kd:0.0000       t_s:5.600
target_deg:-90.000      position_deg:-90.352    error_deg:0.352 p_deg_s:1.055   i_deg_s:0.000   d_deg_s:0.000   pid_deg_s:1.055 speed_deg_s:0.000       u_deg_s:1.374   v_limit_deg_s:120.000   dt_ms:10.000 kp:3.0000        ki:0.0000       kd:0.0000       t_s:5.700
target_deg:-90.000      position_deg:-90.264    error_deg:0.264 p_deg_s:0.791   i_deg_s:0.000   d_deg_s:0.000   pid_deg_s:0.791 speed_deg_s:0.000       u_deg_s:1.374   v_limit_deg_s:120.000   dt_ms:10.000 kp:3.0000        ki:0.0000       kd:0.0000       t_s:5.800
target_deg:-90.000      position_deg:-90.176    error_deg:0.176 p_deg_s:0.000   i_deg_s:0.000   d_deg_s:0.000   pid_deg_s:0.000 speed_deg_s:0.000       u_deg_s:0.000   v_limit_deg_s:120.000   dt_ms:10.001 kp:3.0000        ki:0.0000       kd:0.0000       t_s:5.900
target_deg:-90.000      position_deg:-90.088    error_deg:0.088 p_deg_s:0.000   i_deg_s:0.000   d_deg_s:0.000   pid_deg_s:0.000 speed_deg_s:0.000       u_deg_s:0.000   v_limit_deg_s:120.000   dt_ms:10.000 kp:3.0000        ki:0.0000       kd:0.0000       t_s:6.000
target_deg:-90.000      position_deg:-90.176    error_deg:0.176 p_deg_s:0.000   i_deg_s:0.000   d_deg_s:0.000   pid_deg_s:0.000 speed_deg_s:0.000       u_deg_s:0.000   v_limit_deg_s:120.000   dt_ms:10.000 kp:3.0000        ki:0.0000       kd:0.0000       t_s:6.100
target_deg:-90.000      position_deg:-90.176    error_deg:0.176 p_deg_s:0.000   i_deg_s:0.000   d_deg_s:0.000   pid_deg_s:0.000 speed_deg_s:0.000       u_deg_s:0.000   v_limit_deg_s:120.000   dt_ms:10.000 kp:3.0000        ki:0.0000       kd:0.0000       t_s:6.200
target_deg:-90.000      position_deg:-90.176    error_deg:0.176 p_deg_s:0.000   i_deg_s:0.000   d_deg_s:0.000   pid_deg_s:0.000 speed_deg_s:0.000       u_deg_s:0.000   v_limit_deg_s:120.000   dt_ms:10.000 kp:3.0000        ki:0.0000       kd:0.0000       t_s:6.300
target_deg:-90.000      position_deg:-90.176    error_deg:0.176 p_deg_s:0.000   i_deg_s:0.000   d_deg_s:0.000   pid_deg_s:0.000 speed_deg_s:0.000       u_deg_s:0.000   v_limit_deg_s:120.000   dt_ms:10.000 kp:3.0000        ki:0.0000       kd:0.0000       t_s:6.400
target_deg:-90.000      position_deg:-90.088    error_deg:0.088 p_deg_s:0.000   i_deg_s:0.000   d_deg_s:0.000   pid_deg_s:0.000 speed_deg_s:0.000       u_deg_s:0.000   v_limit_deg_s:120.000   dt_ms:10.000 kp:3.0000        ki:0.0000       kd:0.0000       t_s:6.500
target_deg:-90.000      position_deg:-90.176    error_deg:0.176 p_deg_s:0.000   i_deg_s:0.000   d_deg_s:0.000   pid_deg_s:0.000 speed_deg_s:0.000       u_deg_s:0.000   v_limit_deg_s:120.000   dt_ms:10.000 kp:3.0000        ki:0.0000       kd:0.0000       t_s:6.600
target_deg:-90.000      position_deg:-90.176    error_deg:0.176 p_deg_s:0.000   i_deg_s:0.000   d_deg_s:0.000   pid_deg_s:0.000 speed_deg_s:0.000       u_deg_s:0.000   v_limit_deg_s:120.000   dt_ms:10.000 kp:3.0000        ki:0.0000       kd:0.0000       t_s:6.700
target_deg:-90.000      position_deg:-90.176    error_deg:0.176 p_deg_s:0.000   i_deg_s:0.000   d_deg_s:0.000   pid_deg_s:0.000 speed_deg_s:0.000       u_deg_s:0.000   v_limit_deg_s:120.000   dt_ms:10.000 kp:3.0000        ki:0.0000       kd:0.0000       t_s:6.800
target_deg:-90.000      position_deg:-90.176    error_deg:0.176 p_deg_s:0.000   i_deg_s:0.000   d_deg_s:0.000   pid_deg_s:0.000 speed_deg_s:0.000       u_deg_s:0.000   v_limit_deg_s:120.000   dt_ms:10.000 kp:3.0000        ki:0.0000       kd:0.0000       t_s:6.900
target_deg:-90.000      position_deg:-90.176    error_deg:0.176 p_deg_s:0.000   i_deg_s:0.000   d_deg_s:0.000   pid_deg_s:0.000 speed_deg_s:0.000       u_deg_s:0.000   v_limit_deg_s:120.000   dt_ms:10.000 kp:3.0000        ki:0.0000       kd:0.0000       t_s:7.000
target_deg:-90.000      position_deg:-90.088    error_deg:0.088 p_deg_s:0.000   i_deg_s:0.000   d_deg_s:0.000   pid_deg_s:0.000 speed_deg_s:0.000       u_deg_s:0.000   v_limit_deg_s:120.000   dt_ms:10.000 kp:3.0000        ki:0.0000       kd:0.0000       t_s:7.100
target_deg:-90.000      position_deg:-90.176    error_deg:0.176 p_deg_s:0.000   i_deg_s:0.000   d_deg_s:0.000   pid_deg_s:0.000 speed_deg_s:0.000       u_deg_s:0.000   v_limit_deg_s:120.000   dt_ms:10.001 kp:3.0000        ki:0.0000       kd:0.0000       t_s:7.200
target_deg:-90.000      position_deg:-90.176    error_deg:0.176 p_deg_s:0.000   i_deg_s:0.000   d_deg_s:0.000   pid_deg_s:0.000 speed_deg_s:0.000       u_deg_s:0.000   v_limit_deg_s:120.000   dt_ms:10.001 kp:3.0000        ki:0.0000       kd:0.0000       t_s:7.300
target_deg:-90.000      position_deg:-90.088    error_deg:0.088 p_deg_s:0.000   i_deg_s:0.000   d_deg_s:0.000   pid_deg_s:0.000 speed_deg_s:0.000       u_deg_s:0.000   v_limit_deg_s:120.000   dt_ms:10.000 kp:3.0000        ki:0.0000       kd:0.0000       t_s:7.400
target_deg:-90.000      position_deg:-90.176    error_deg:0.176 p_deg_s:0.000   i_deg_s:0.000   d_deg_s:0.000   pid_deg_s:0.000 speed_deg_s:0.000       u_deg_s:0.000   v_limit_deg_s:120.000   dt_ms:10.000 kp:3.0000        ki:0.0000       kd:0.0000       t_s:7.500
target_deg:-90.000      position_deg:-90.176    error_deg:0.176 p_deg_s:0.000   i_deg_s:0.000   d_deg_s:0.000   pid_deg_s:0.000 speed_deg_s:0.000       u_deg_s:0.000   v_limit_deg_s:120.000   dt_ms:10.000 kp:3.0000        ki:0.0000       kd:0.0000       t_s:7.600
target_deg:-90.000      position_deg:-90.176    error_deg:0.176 p_deg_s:0.000   i_deg_s:0.000   d_deg_s:0.000   pid_deg_s:0.000 speed_deg_s:0.000       u_deg_s:0.000   v_limit_deg_s:120.000   dt_ms:10.001 kp:3.0000        ki:0.0000       kd:0.0000       t_s:7.700
target_deg:-90.000      position_deg:-90.176    error_deg:0.176 p_deg_s:0.000   i_deg_s:0.000   d_deg_s:0.000   pid_deg_s:0.000 speed_deg_s:0.000       u_deg_s:0.000   v_limit_deg_s:120.000   dt_ms:10.000 kp:3.0000        ki:0.0000       kd:0.0000       t_s:7.800
target_deg:-90.000      position_deg:-90.176    error_deg:0.176 p_deg_s:0.000   i_deg_s:0.000   d_deg_s:0.000   pid_deg_s:0.000 speed_deg_s:0.000       u_deg_s:0.000   v_limit_deg_s:120.000   dt_ms:10.001 kp:3.0000        ki:0.0000       kd:0.0000       t_s:7.900
target_deg:-90.000      position_deg:-90.176    error_deg:0.176 p_deg_s:0.000   i_deg_s:0.000   d_deg_s:0.000   pid_deg_s:0.000 speed_deg_s:0.000       u_deg_s:0.000   v_limit_deg_s:120.000   dt_ms:10.000 kp:3.0000        ki:0.0000       kd:0.0000       t_s:8.000
target_deg:-90.000      position_deg:-90.176    error_deg:0.176 p_deg_s:0.000   i_deg_s:0.000   d_deg_s:0.000   pid_deg_s:0.000 speed_deg_s:0.000       u_deg_s:0.000   v_limit_deg_s:120.000   dt_ms:10.000 kp:3.0000        ki:0.0000       kd:0.0000       t_s:8.100
target_deg:-90.000      position_deg:-90.176    error_deg:0.176 p_deg_s:0.000   i_deg_s:0.000   d_deg_s:0.000   pid_deg_s:0.000 speed_deg_s:0.000       u_deg_s:0.000   v_limit_deg_s:120.000   dt_ms:10.000 kp:3.0000        ki:0.0000       kd:0.0000       t_s:8.200
target_deg:-90.000      position_deg:-90.088    error_deg:0.088 p_deg_s:0.000   i_deg_s:0.000   d_deg_s:0.000   pid_deg_s:0.000 speed_deg_s:0.000       u_deg_s:0.000   v_limit_deg_s:120.000   dt_ms:10.001 kp:3.0000        ki:0.0000       kd:0.0000       t_s:8.300
target_deg:-90.000      position_deg:-90.176    error_deg:0.176 p_deg_s:0.000   i_deg_s:0.000   d_deg_s:0.000   pid_deg_s:0.000 speed_deg_s:0.000       u_deg_s:0.000   v_limit_deg_s:120.000   dt_ms:10.000 kp:3.0000        ki:0.0000       kd:0.0000       t_s:8.400
target_deg:-90.000      position_deg:-90.176    error_deg:0.176 p_deg_s:0.000   i_deg_s:0.000   d_deg_s:0.000   pid_deg_s:0.000 speed_deg_s:0.000       u_deg_s:0.000   v_limit_deg_s:120.000   dt_ms:10.001 kp:3.0000        ki:0.0000       kd:0.0000       t_s:8.500
target_deg:-90.000      position_deg:-90.176    error_deg:0.176 p_deg_s:0.000   i_deg_s:0.000   d_deg_s:0.000   pid_deg_s:0.000 speed_deg_s:0.000       u_deg_s:0.000   v_limit_deg_s:120.000   dt_ms:10.002 kp:3.0000        ki:0.0000       kd:0.0000       t_s:8.600
target_deg:-90.000      position_deg:-90.176    error_deg:0.176 p_deg_s:0.000   i_deg_s:0.000   d_deg_s:0.000   pid_deg_s:0.000 speed_deg_s:0.000       u_deg_s:0.000   v_limit_deg_s:120.000   dt_ms:10.001 kp:3.0000        ki:0.0000       kd:0.0000       t_s:8.700
target_deg:-90.000      position_deg:-90.176    error_deg:0.176 p_deg_s:0.000   i_deg_s:0.000   d_deg_s:0.000   pid_deg_s:0.000 speed_deg_s:0.000       u_deg_s:0.000   v_limit_deg_s:120.000   dt_ms:10.000 kp:3.0000        ki:0.0000       kd:0.0000       t_s:8.800
target_deg:-90.000      position_deg:-90.176    error_deg:0.176 p_deg_s:0.000   i_deg_s:0.000   d_deg_s:0.000   pid_deg_s:0.000 speed_deg_s:0.000       u_deg_s:0.000   v_limit_deg_s:120.000   dt_ms:10.001 kp:3.0000        ki:0.0000       kd:0.0000       t_s:8.900
target_deg:-90.000      position_deg:-90.176    error_deg:0.176 p_deg_s:0.000   i_deg_s:0.000   d_deg_s:0.000   pid_deg_s:0.000 speed_deg_s:0.000       u_deg_s:0.000   v_limit_deg_s:120.000   dt_ms:10.002 kp:3.0000        ki:0.0000       kd:0.0000       t_s:9.000
target_deg:-90.000      position_deg:-90.176    error_deg:0.176 p_deg_s:0.000   i_deg_s:0.000   d_deg_s:0.000   pid_deg_s:0.000 speed_deg_s:0.000       u_deg_s:0.000   v_limit_deg_s:120.000   dt_ms:10.001 kp:3.0000        ki:0.0000       kd:0.0000       t_s:9.100
target_deg:-90.000      position_deg:-90.176    error_deg:0.176 p_deg_s:0.000   i_deg_s:0.000   d_deg_s:0.000   pid_deg_s:0.000 speed_deg_s:0.000       u_deg_s:0.000   v_limit_deg_s:120.000   dt_ms:10.002 kp:3.0000        ki:0.0000       kd:0.0000       t_s:9.200
target_deg:-90.000      position_deg:-90.176    error_deg:0.176 p_deg_s:0.000   i_deg_s:0.000   d_deg_s:0.000   pid_deg_s:0.000 speed_deg_s:0.000       u_deg_s:0.000   v_limit_deg_s:120.000   dt_ms:10.001 kp:3.0000        ki:0.0000       kd:0.0000       t_s:9.300
target_deg:-90.000      position_deg:-90.176    error_deg:0.176 p_deg_s:0.000   i_deg_s:0.000   d_deg_s:0.000   pid_deg_s:0.000 speed_deg_s:0.000       u_deg_s:0.000   v_limit_deg_s:120.000   dt_ms:10.002 kp:3.0000        ki:0.0000       kd:0.0000       t_s:9.400
target_deg:-90.000      position_deg:-90.176    error_deg:0.176 p_deg_s:0.000   i_deg_s:0.000   d_deg_s:0.000   pid_deg_s:0.000 speed_deg_s:0.000       u_deg_s:0.000   v_limit_deg_s:120.000   dt_ms:10.000 kp:3.0000        ki:0.0000       kd:0.0000       t_s:9.500
target_deg:-90.000      position_deg:-90.176    error_deg:0.176 p_deg_s:0.000   i_deg_s:0.000   d_deg_s:0.000   pid_deg_s:0.000 speed_deg_s:0.000       u_deg_s:0.000   v_limit_deg_s:120.000   dt_ms:10.001 kp:3.0000        ki:0.0000       kd:0.0000       t_s:9.600
target_deg:-90.000      position_deg:-90.176    error_deg:0.176 p_deg_s:0.000   i_deg_s:0.000   d_deg_s:0.000   pid_deg_s:0.000 speed_deg_s:0.000       u_deg_s:0.000   v_limit_deg_s:120.000   dt_ms:10.002 kp:3.0000        ki:0.0000       kd:0.0000       t_s:9.700
target_deg:-90.000      position_deg:-90.176    error_deg:0.176 p_deg_s:0.000   i_deg_s:0.000   d_deg_s:0.000   pid_deg_s:0.000 speed_deg_s:0.000       u_deg_s:0.000   v_limit_deg_s:120.000   dt_ms:10.001 kp:3.0000        ki:0.0000       kd:0.0000       t_s:9.800
target_deg:-90.000      position_deg:-90.088    error_deg:0.088 p_deg_s:0.000   i_deg_s:0.000   d_deg_s:0.000   pid_deg_s:0.000 speed_deg_s:0.000       u_deg_s:0.000   v_limit_deg_s:120.000   dt_ms:10.002 kp:3.0000        ki:0.0000       kd:0.0000       t_s:9.900
target_deg:-90.000      position_deg:-90.176    error_deg:0.176 p_deg_s:0.000   i_deg_s:0.000   d_deg_s:0.000   pid_deg_s:0.000 speed_deg_s:0.000       u_deg_s:0.000   v_limit_deg_s:120.000   dt_ms:10.000 kp:3.0000        ki:0.0000       kd:0.0000       t_s:10.000
target_deg:-90.000      position_deg:-90.176    error_deg:0.176 p_deg_s:0.000   i_deg_s:0.000   d_deg_s:0.000   pid_deg_s:0.000 speed_deg_s:0.000       u_deg_s:0.000   v_limit_deg_s:120.000   dt_ms:10.000 kp:3.0000        ki:0.0000       kd:0.0000       t_s:10.100
target_deg:-90.000      position_deg:-90.176    error_deg:0.176 p_deg_s:0.000   i_deg_s:0.000   d_deg_s:0.000   pid_deg_s:0.000 speed_deg_s:0.000       u_deg_s:0.000   v_limit_deg_s:120.000   dt_ms:10.001 kp:3.0000        ki:0.0000       kd:0.0000       t_s:10.200
target_deg:-90.000      position_deg:-90.176    error_deg:0.176 p_deg_s:0.000   i_deg_s:0.000   d_deg_s:0.000   pid_deg_s:0.000 speed_deg_s:0.000       u_deg_s:0.000   v_limit_deg_s:120.000   dt_ms:10.001 kp:3.0000        ki:0.0000       kd:0.0000       t_s:10.300
target_deg:-90.000      position_deg:-90.176    error_deg:0.176 p_deg_s:0.000   i_deg_s:0.000   d_deg_s:0.000   pid_deg_s:0.000 speed_deg_s:0.000       u_deg_s:0.000   v_limit_deg_s:120.000   dt_ms:10.002 kp:3.0000        ki:0.0000       kd:0.0000       t_s:10.400
target_deg:-90.000      position_deg:-90.176    error_deg:0.176 p_deg_s:0.000   i_deg_s:0.000   d_deg_s:0.000   pid_deg_s:0.000 speed_deg_s:0.000       u_deg_s:0.000   v_limit_deg_s:120.000   dt_ms:10.002 kp:3.0000        ki:0.0000       kd:0.0000       t_s:10.500
target_deg:-90.000      position_deg:-90.176    error_deg:0.176 p_deg_s:0.000   i_deg_s:0.000   d_deg_s:0.000   pid_deg_s:0.000 speed_deg_s:0.000       u_deg_s:0.000   v_limit_deg_s:120.000   dt_ms:10.000 kp:3.0000        ki:0.0000       kd:0.0000       t_s:10.600
target_deg:-90.000      position_deg:-90.176    error_deg:0.176 p_deg_s:0.000   i_deg_s:0.000   d_deg_s:0.000   pid_deg_s:0.000 speed_deg_s:0.000       u_deg_s:0.000   v_limit_deg_s:120.000   dt_ms:10.002 kp:3.0000        ki:0.0000       kd:0.0000       t_s:10.700
target_deg:-90.000      position_deg:-90.176    error_deg:0.176 p_deg_s:0.000   i_deg_s:0.000   d_deg_s:0.000   pid_deg_s:0.000 speed_deg_s:0.000       u_deg_s:0.000   v_limit_deg_s:120.000   dt_ms:10.003 kp:3.0000        ki:0.0000       kd:0.0000       t_s:10.800
target_deg:-90.000      position_deg:-90.088    error_deg:0.088 p_deg_s:0.000   i_deg_s:0.000   d_deg_s:0.000   pid_deg_s:0.000 speed_deg_s:0.000       u_deg_s:0.000   v_limit_deg_s:120.000   dt_ms:10.002 kp:3.0000        ki:0.0000       kd:0.0000       t_s:10.900
target_deg:-90.000      position_deg:-90.176    error_deg:0.176 p_deg_s:0.000   i_deg_s:0.000   d_deg_s:0.000   pid_deg_s:0.000 speed_deg_s:0.000       u_deg_s:0.000   v_limit_deg_s:120.000   dt_ms:10.000 kp:3.0000        ki:0.0000       kd:0.0000       t_s:11.000
target_deg:-90.000      position_deg:-90.176    error_deg:0.176 p_deg_s:0.000   i_deg_s:0.000   d_deg_s:0.000   pid_deg_s:0.000 speed_deg_s:0.000       u_deg_s:0.000   v_limit_deg_s:120.000   dt_ms:10.002 kp:3.0000        ki:0.0000       kd:0.0000       t_s:11.100
target_deg:-90.000      position_deg:-90.088    error_deg:0.088 p_deg_s:0.000   i_deg_s:0.000   d_deg_s:0.000   pid_deg_s:0.000 speed_deg_s:0.000       u_deg_s:0.000   v_limit_deg_s:120.000   dt_ms:10.002 kp:3.0000        ki:0.0000       kd:0.0000       t_s:11.200
target_deg:-90.000      position_deg:-90.176    error_deg:0.176 p_deg_s:0.000   i_deg_s:0.000   d_deg_s:0.000   pid_deg_s:0.000 speed_deg_s:0.000       u_deg_s:0.000   v_limit_deg_s:120.000   dt_ms:10.002 kp:3.0000        ki:0.0000       kd:0.0000       t_s:11.300
target_deg:-90.000      position_deg:-90.176    error_deg:0.176 p_deg_s:0.000   i_deg_s:0.000   d_deg_s:0.000   pid_deg_s:0.000 speed_deg_s:0.000       u_deg_s:0.000   v_limit_deg_s:120.000   dt_ms:10.001 kp:3.0000        ki:0.0000       kd:0.0000       t_s:11.400
target_deg:-90.000      position_deg:-90.176    error_deg:0.176 p_deg_s:0.000   i_deg_s:0.000   d_deg_s:0.000   pid_deg_s:0.000 speed_deg_s:0.000       u_deg_s:0.000   v_limit_deg_s:120.000   dt_ms:10.001 kp:3.0000        ki:0.0000       kd:0.0000       t_s:11.500
target_deg:-90.000      position_deg:-90.176    error_deg:0.176 p_deg_s:0.000   i_deg_s:0.000   d_deg_s:0.000   pid_deg_s:0.000 speed_deg_s:0.000       u_deg_s:0.000   v_limit_deg_s:120.000   dt_ms:10.002 kp:3.0000        ki:0.0000       kd:0.0000       t_s:11.600
target_deg:-90.000      position_deg:-90.176    error_deg:0.176 p_deg_s:0.000   i_deg_s:0.000   d_deg_s:0.000   pid_deg_s:0.000 speed_deg_s:0.000       u_deg_s:0.000   v_limit_deg_s:120.000   dt_ms:10.003 kp:3.0000        ki:0.0000       kd:0.0000       t_s:11.700
target_deg:-90.000      position_deg:-90.176    error_deg:0.176 p_deg_s:0.000   i_deg_s:0.000   d_deg_s:0.000   pid_deg_s:0.000 speed_deg_s:0.000       u_deg_s:0.000   v_limit_deg_s:120.000   dt_ms:10.000 kp:3.0000        ki:0.0000       kd:0.0000       t_s:11.800
target_deg:-90.000      position_deg:-90.176    error_deg:0.176 p_deg_s:0.000   i_deg_s:0.000   d_deg_s:0.000   pid_deg_s:0.000 speed_deg_s:0.000       u_deg_s:0.000   v_limit_deg_s:120.000   dt_ms:10.000 kp:3.0000        ki:0.0000       kd:0.0000       t_s:11.900
target_deg:-90.000      position_deg:-90.176    error_deg:0.176 p_deg_s:0.000   i_deg_s:0.000   d_deg_s:0.000   pid_deg_s:0.000 speed_deg_s:0.000       u_deg_s:0.000   v_limit_deg_s:120.000   dt_ms:10.001 kp:3.0000        ki:0.0000       kd:0.0000       t_s:12.000
target_deg:-90.000      position_deg:-90.176    error_deg:0.176 p_deg_s:0.000   i_deg_s:0.000   d_deg_s:0.000   pid_deg_s:0.000 speed_deg_s:0.000       u_deg_s:0.000   v_limit_deg_s:120.000   dt_ms:10.003 kp:3.0000        ki:0.0000       kd:0.0000       t_s:12.100
target_deg:-90.000      position_deg:-90.176    error_deg:0.176 p_deg_s:0.000   i_deg_s:0.000   d_deg_s:0.000   pid_deg_s:0.000 speed_deg_s:0.000       u_deg_s:0.000   v_limit_deg_s:120.000   dt_ms:10.001 kp:3.0000        ki:0.0000       kd:0.0000       t_s:12.200
target_deg:-90.000      position_deg:-90.088    error_deg:0.088 p_deg_s:0.000   i_deg_s:0.000   d_deg_s:0.000   pid_deg_s:0.000 speed_deg_s:0.000       u_deg_s:0.000   v_limit_deg_s:120.000   dt_ms:10.002 kp:3.0000        ki:0.0000       kd:0.0000       t_s:12.300
target_deg:-90.000      position_deg:-90.176    error_deg:0.176 p_deg_s:0.000   i_deg_s:0.000   d_deg_s:0.000   pid_deg_s:0.000 speed_deg_s:0.000       u_deg_s:0.000   v_limit_deg_s:120.000   dt_ms:10.000 kp:3.0000        ki:0.0000       kd:0.0000       t_s:12.400
target_deg:-90.000      position_deg:-90.088    error_deg:0.088 p_deg_s:0.000   i_deg_s:0.000   d_deg_s:0.000   pid_deg_s:0.000 speed_deg_s:0.000       u_deg_s:0.000   v_limit_deg_s:120.000   dt_ms:10.002 kp:3.0000        ki:0.0000       kd:0.0000       t_s:12.500
target_deg:-90.000      position_deg:-90.176    error_deg:0.176 p_deg_s:0.000   i_deg_s:0.000   d_deg_s:0.000   pid_deg_s:0.000 speed_deg_s:0.000       u_deg_s:0.000   v_limit_deg_s:120.000   dt_ms:10.001 kp:3.0000        ki:0.0000       kd:0.0000       t_s:12.601
target_deg:-90.000      position_deg:-90.176    error_deg:0.176 p_deg_s:0.000   i_deg_s:0.000   d_deg_s:0.000   pid_deg_s:0.000 speed_deg_s:0.000       u_deg_s:0.000   v_limit_deg_s:120.000   dt_ms:10.001 kp:3.0000        ki:0.0000       kd:0.0000       t_s:12.701
target_deg:-90.000      position_deg:-90.176    error_deg:0.176 p_deg_s:0.000   i_deg_s:0.000   d_deg_s:0.000   pid_deg_s:0.000 speed_deg_s:0.000       u_deg_s:0.000   v_limit_deg_s:120.000   dt_ms:10.001 kp:3.0000        ki:0.0000       kd:0.0000       t_s:12.801
target_deg:-90.000      position_deg:-90.088    error_deg:0.088 p_deg_s:0.000   i_deg_s:0.000   d_deg_s:0.000   pid_deg_s:0.000 speed_deg_s:0.000       u_deg_s:0.000   v_limit_deg_s:120.000   dt_ms:10.000 kp:3.0000        ki:0.0000       kd:0.0000       t_s:12.901
target_deg:-90.000      position_deg:-90.176    error_deg:0.176 p_deg_s:0.000   i_deg_s:0.000   d_deg_s:0.000   pid_deg_s:0.000 speed_deg_s:0.000       u_deg_s:0.000   v_limit_deg_s:120.000   dt_ms:10.002 kp:3.0000        ki:0.0000       kd:0.0000       t_s:13.001
target_deg:-90.000      position_deg:-90.176    error_deg:0.176 p_deg_s:0.000   i_deg_s:0.000   d_deg_s:0.000   pid_deg_s:0.000 speed_deg_s:0.000       u_deg_s:0.000   v_limit_deg_s:120.000   dt_ms:10.001 kp:3.0000        ki:0.0000       kd:0.0000       t_s:13.101
target_deg:-90.000      position_deg:-90.176    error_deg:0.176 p_deg_s:0.000   i_deg_s:0.000   d_deg_s:0.000   pid_deg_s:0.000 speed_deg_s:0.000       u_deg_s:0.000   v_limit_deg_s:120.000   dt_ms:10.001 kp:3.0000        ki:0.0000       kd:0.0000       t_s:13.201
target_deg:-90.000      position_deg:-90.176    error_deg:0.176 p_deg_s:0.000   i_deg_s:0.000   d_deg_s:0.000   pid_deg_s:0.000 speed_deg_s:0.000       u_deg_s:0.000   v_limit_deg_s:120.000   dt_ms:10.003 kp:3.0000        ki:0.0000       kd:0.0000       t_s:13.301
target_deg:-90.000      position_deg:-90.176    error_deg:0.176 p_deg_s:0.000   i_deg_s:0.000   d_deg_s:0.000   pid_deg_s:0.000 speed_deg_s:0.000       u_deg_s:0.000   v_limit_deg_s:120.000   dt_ms:10.000 kp:3.0000        ki:0.0000       kd:0.0000       t_s:13.401
target_deg:-90.000      position_deg:-90.176    error_deg:0.176 p_deg_s:0.000   i_deg_s:0.000   d_deg_s:0.000   pid_deg_s:0.000 speed_deg_s:0.000       u_deg_s:0.000   v_limit_deg_s:120.000   dt_ms:10.000 kp:3.0000        ki:0.0000       kd:0.0000       t_s:13.501
target_deg:-90.000      position_deg:-90.176    error_deg:0.176 p_deg_s:0.000   i_deg_s:0.000   d_deg_s:0.000   pid_deg_s:0.000 speed_deg_s:0.000       u_deg_s:0.000   v_limit_deg_s:120.000   dt_ms:10.001 kp:3.0000        ki:0.0000       kd:0.0000       t_s:13.601
target_deg:-90.000      position_deg:-90.176    error_deg:0.176 p_deg_s:0.000   i_deg_s:0.000   d_deg_s:0.000   pid_deg_s:0.000 speed_deg_s:0.000       u_deg_s:0.000   v_limit_deg_s:120.000   dt_ms:10.001 kp:3.0000        ki:0.0000       kd:0.0000       t_s:13.701
target_deg:-90.000      position_deg:-90.176    error_deg:0.176 p_deg_s:0.000   i_deg_s:0.000   d_deg_s:0.000   pid_deg_s:0.000 speed_deg_s:0.000       u_deg_s:0.000   v_limit_deg_s:120.000   dt_ms:10.002 kp:3.0000        ki:0.0000       kd:0.0000       t_s:13.801
target_deg:-90.000      position_deg:-90.176    error_deg:0.176 p_deg_s:0.000   i_deg_s:0.000   d_deg_s:0.000   pid_deg_s:0.000 speed_deg_s:0.000       u_deg_s:0.000   v_limit_deg_s:120.000   dt_ms:10.003 kp:3.0000        ki:0.0000       kd:0.0000       t_s:13.901
target_deg:-90.000      position_deg:-90.176    error_deg:0.176 p_deg_s:0.000   i_deg_s:0.000   d_deg_s:0.000   pid_deg_s:0.000 speed_deg_s:0.000       u_deg_s:0.000   v_limit_deg_s:120.000   dt_ms:10.002 kp:3.0000        ki:0.0000       kd:0.0000       t_s:14.001
target_deg:-90.000      position_deg:-90.176    error_deg:0.176 p_deg_s:0.000   i_deg_s:0.000   d_deg_s:0.000   pid_deg_s:0.000 speed_deg_s:0.000       u_deg_s:0.000   v_limit_deg_s:120.000   dt_ms:10.001 kp:3.0000        ki:0.0000       kd:0.0000       t_s:14.101
target_deg:-90.000      position_deg:-90.176    error_deg:0.176 p_deg_s:0.000   i_deg_s:0.000   d_deg_s:0.000   pid_deg_s:0.000 speed_deg_s:0.000       u_deg_s:0.000   v_limit_deg_s:120.000   dt_ms:10.001 kp:3.0000        ki:0.0000       kd:0.0000       t_s:14.201
target_deg:-90.000      position_deg:-90.176    error_deg:0.176 p_deg_s:0.000   i_deg_s:0.000   d_deg_s:0.000   pid_deg_s:0.000 speed_deg_s:0.000       u_deg_s:0.000   v_limit_deg_s:120.000   dt_ms:10.000 kp:3.0000        ki:0.0000       kd:0.0000       t_s:14.301
target_deg:-90.000      position_deg:-90.176    error_deg:0.176 p_deg_s:0.000   i_deg_s:0.000   d_deg_s:0.000   pid_deg_s:0.000 speed_deg_s:0.000       u_deg_s:0.000   v_limit_deg_s:120.000   dt_ms:10.001 kp:3.0000        ki:0.0000       kd:0.0000       t_s:14.401
target_deg:-90.000      position_deg:-90.176    error_deg:0.176 p_deg_s:0.000   i_deg_s:0.000   d_deg_s:0.000   pid_deg_s:0.000 speed_deg_s:0.000       u_deg_s:0.000   v_limit_deg_s:120.000   dt_ms:10.001 kp:3.0000        ki:0.0000       kd:0.0000       t_s:14.501
target_deg:-90.000      position_deg:-90.176    error_deg:0.176 p_deg_s:0.000   i_deg_s:0.000   d_deg_s:0.000   pid_deg_s:0.000 speed_deg_s:0.000       u_deg_s:0.000   v_limit_deg_s:120.000   dt_ms:10.001 kp:3.0000        ki:0.0000       kd:0.0000       t_s:14.601
target_deg:-90.000      position_deg:-90.176    error_deg:0.176 p_deg_s:0.000   i_deg_s:0.000   d_deg_s:0.000   pid_deg_s:0.000 speed_deg_s:0.000       u_deg_s:0.000   v_limit_deg_s:120.000   dt_ms:10.002 kp:3.0000        ki:0.0000       kd:0.0000       t_s:14.701
target_deg:-90.000      position_deg:-90.176    error_deg:0.176 p_deg_s:0.000   i_deg_s:0.000   d_deg_s:0.000   pid_deg_s:0.000 speed_deg_s:0.000       u_deg_s:0.000   v_limit_deg_s:120.000   dt_ms:10.003 kp:3.0000        ki:0.0000       kd:0.0000       t_s:14.801
target_deg:-90.000      position_deg:-90.176    error_deg:0.176 p_deg_s:0.000   i_deg_s:0.000   d_deg_s:0.000   pid_deg_s:0.000 speed_deg_s:0.000       u_deg_s:0.000   v_limit_deg_s:120.000   dt_ms:10.003 kp:3.0000        ki:0.0000       kd:0.0000       t_s:14.901
target_deg:-90.000      position_deg:-90.176    error_deg:0.176 p_deg_s:0.000   i_deg_s:0.000   d_deg_s:0.000   pid_deg_s:0.000 speed_deg_s:0.000       u_deg_s:0.000   v_limit_deg_s:120.000   dt_ms:10.001 kp:3.0000        ki:0.0000       kd:0.0000       t_s:15.001
target_deg:-90.000      position_deg:-90.176    error_deg:0.176 p_deg_s:0.000   i_deg_s:0.000   d_deg_s:0.000   pid_deg_s:0.000 speed_deg_s:0.000       u_deg_s:0.000   v_limit_deg_s:120.000   dt_ms:10.002 kp:3.0000        ki:0.0000       kd:0.0000       t_s:15.101
target_deg:-90.000      position_deg:-90.176    error_deg:0.176 p_deg_s:0.000   i_deg_s:0.000   d_deg_s:0.000   pid_deg_s:0.000 speed_deg_s:0.000       u_deg_s:0.000   v_limit_deg_s:120.000   dt_ms:10.001 kp:3.0000        ki:0.0000       kd:0.0000       t_s:15.201
target_deg:-90.000      position_deg:-90.176    error_deg:0.176 p_deg_s:0.000   i_deg_s:0.000   d_deg_s:0.000   pid_deg_s:0.000 speed_deg_s:0.000       u_deg_s:0.000   v_limit_deg_s:120.000   dt_ms:10.001 kp:3.0000        ki:0.0000       kd:0.0000       t_s:15.301
target_deg:-90.000      position_deg:-90.176    error_deg:0.176 p_deg_s:0.000   i_deg_s:0.000   d_deg_s:0.000   pid_deg_s:0.000 speed_deg_s:0.000       u_deg_s:0.000   v_limit_deg_s:120.000   dt_ms:10.002 kp:3.0000        ki:0.0000       kd:0.0000       t_s:15.401
target_deg:-90.000      position_deg:-90.176    error_deg:0.176 p_deg_s:0.000   i_deg_s:0.000   d_deg_s:0.000   pid_deg_s:0.000 speed_deg_s:0.000       u_deg_s:0.000   v_limit_deg_s:120.000   dt_ms:10.002 kp:3.0000        ki:0.0000       kd:0.0000       t_s:15.501
target_deg:-90.000      position_deg:-90.176    error_deg:0.176 p_deg_s:0.000   i_deg_s:0.000   d_deg_s:0.000   pid_deg_s:0.000 speed_deg_s:0.000       u_deg_s:0.000   v_limit_deg_s:120.000   dt_ms:10.001 kp:3.0000        ki:0.0000       kd:0.0000       t_s:15.601
target_deg:-90.000      position_deg:-90.176    error_deg:0.176 p_deg_s:0.000   i_deg_s:0.000   d_deg_s:0.000   pid_deg_s:0.000 speed_deg_s:0.000       u_deg_s:0.000   v_limit_deg_s:120.000   dt_ms:10.001 kp:3.0000        ki:0.0000       kd:0.0000       t_s:15.701
target_deg:-90.000      position_deg:-90.176    error_deg:0.176 p_deg_s:0.000   i_deg_s:0.000   d_deg_s:0.000   pid_deg_s:0.000 speed_deg_s:0.000       u_deg_s:0.000   v_limit_deg_s:120.000   dt_ms:10.001 kp:3.0000        ki:0.0000       kd:0.0000       t_s:15.801
target_deg:-90.000      position_deg:-90.176    error_deg:0.176 p_deg_s:0.000   i_deg_s:0.000   d_deg_s:0.000   pid_deg_s:0.000 speed_deg_s:0.000       u_deg_s:0.000   v_limit_deg_s:120.000   dt_ms:10.002 kp:3.0000        ki:0.0000       kd:0.0000       t_s:15.901
target_deg:-90.000      position_deg:-90.176    error_deg:0.176 p_deg_s:0.000   i_deg_s:0.000   d_deg_s:0.000   pid_deg_s:0.000 speed_deg_s:0.000       u_deg_s:0.000   v_limit_deg_s:120.000   dt_ms:10.001 kp:3.0000        ki:0.0000       kd:0.0000       t_s:16.001
target_deg:-90.000      position_deg:-90.176    error_deg:0.176 p_deg_s:0.000   i_deg_s:0.000   d_deg_s:0.000   pid_deg_s:0.000 speed_deg_s:0.000       u_deg_s:0.000   v_limit_deg_s:120.000   dt_ms:10.002 kp:3.0000        ki:0.0000       kd:0.0000       t_s:16.101
target_deg:-90.000      position_deg:-90.176    error_deg:0.176 p_deg_s:0.000   i_deg_s:0.000   d_deg_s:0.000   pid_deg_s:0.000 speed_deg_s:0.000       u_deg_s:0.000   v_limit_deg_s:120.000   dt_ms:10.002 kp:3.0000        ki:0.0000       kd:0.0000       t_s:16.201
target_deg:-90.000      position_deg:-90.176    error_deg:0.176 p_deg_s:0.000   i_deg_s:0.000   d_deg_s:0.000   pid_deg_s:0.000 speed_deg_s:0.000       u_deg_s:0.000   v_limit_deg_s:120.000   dt_ms:10.003 kp:3.0000        ki:0.0000       kd:0.0000       t_s:16.301
target_deg:-90.000      position_deg:-90.176    error_deg:0.176 p_deg_s:0.000   i_deg_s:0.000   d_deg_s:0.000   pid_deg_s:0.000 speed_deg_s:0.000       u_deg_s:0.000   v_limit_deg_s:120.000   dt_ms:10.002 kp:3.0000        ki:0.0000       kd:0.0000       t_s:16.401
target_deg:-90.000      position_deg:-90.176    error_deg:0.176 p_deg_s:0.000   i_deg_s:0.000   d_deg_s:0.000   pid_deg_s:0.000 speed_deg_s:0.000       u_deg_s:0.000   v_limit_deg_s:120.000   dt_ms:10.001 kp:3.0000        ki:0.0000       kd:0.0000       t_s:16.501
target_deg:-90.000      position_deg:-90.176    error_deg:0.176 p_deg_s:0.000   i_deg_s:0.000   d_deg_s:0.000   pid_deg_s:0.000 speed_deg_s:0.000       u_deg_s:0.000   v_limit_deg_s:120.000   dt_ms:10.002 kp:3.0000        ki:0.0000       kd:0.0000       t_s:16.601
target_deg:-90.000      position_deg:-90.176    error_deg:0.176 p_deg_s:0.000   i_deg_s:0.000   d_deg_s:0.000   pid_deg_s:0.000 speed_deg_s:0.000       u_deg_s:0.000   v_limit_deg_s:120.000   dt_ms:10.001 kp:3.0000        ki:0.0000       kd:0.0000       t_s:16.701
target_deg:-90.000      position_deg:-90.176    error_deg:0.176 p_deg_s:0.000   i_deg_s:0.000   d_deg_s:0.000   pid_deg_s:0.000 speed_deg_s:0.000       u_deg_s:0.000   v_limit_deg_s:120.000   dt_ms:10.001 kp:3.0000        ki:0.0000       kd:0.0000       t_s:16.801
target_deg:-90.000      position_deg:-90.176    error_deg:0.176 p_deg_s:0.000   i_deg_s:0.000   d_deg_s:0.000   pid_deg_s:0.000 speed_deg_s:0.000       u_deg_s:0.000   v_limit_deg_s:120.000   dt_ms:10.002 kp:3.0000        ki:0.0000       kd:0.0000       t_s:16.901
target_deg:-90.000      position_deg:-90.176    error_deg:0.176 p_deg_s:0.000   i_deg_s:0.000   d_deg_s:0.000   pid_deg_s:0.000 speed_deg_s:0.000       u_deg_s:0.000   v_limit_deg_s:120.000   dt_ms:10.000 kp:3.0000        ki:0.0000       kd:0.0000       t_s:17.001
target_deg:-90.000      position_deg:-90.176    error_deg:0.176 p_deg_s:0.000   i_deg_s:0.000   d_deg_s:0.000   pid_deg_s:0.000 speed_deg_s:0.000       u_deg_s:0.000   v_limit_deg_s:120.000   dt_ms:10.003 kp:3.0000        ki:0.0000       kd:0.0000       t_s:17.101
target_deg:-90.000      position_deg:-90.176    error_deg:0.176 p_deg_s:0.000   i_deg_s:0.000   d_deg_s:0.000   pid_deg_s:0.000 speed_deg_s:0.000       u_deg_s:0.000   v_limit_deg_s:120.000   dt_ms:10.002 kp:3.0000        ki:0.0000       kd:0.0000       t_s:17.201
target_deg:-90.000      position_deg:-90.176    error_deg:0.176 p_deg_s:0.000   i_deg_s:0.000   d_deg_s:0.000   pid_deg_s:0.000 speed_deg_s:0.000       u_deg_s:0.000   v_limit_deg_s:120.000   dt_ms:10.001 kp:3.0000        ki:0.0000       kd:0.0000       t_s:17.301
target_deg:-90.000      position_deg:-90.176    error_deg:0.176 p_deg_s:0.000   i_deg_s:0.000   d_deg_s:0.000   pid_deg_s:0.000 speed_deg_s:0.000       u_deg_s:0.000   v_limit_deg_s:120.000   dt_ms:10.002 kp:3.0000        ki:0.0000       kd:0.0000       t_s:17.401
target_deg:-90.000      position_deg:-90.088    error_deg:0.088 p_deg_s:0.000   i_deg_s:0.000   d_deg_s:0.000   pid_deg_s:0.000 speed_deg_s:0.000       u_deg_s:0.000   v_limit_deg_s:120.000   dt_ms:10.002 kp:3.0000        ki:0.0000       kd:0.0000       t_s:17.501
target_deg:-90.000      position_deg:-90.176    error_deg:0.176 p_deg_s:0.000   i_deg_s:0.000   d_deg_s:0.000   pid_deg_s:0.000 speed_deg_s:0.000       u_deg_s:0.000   v_limit_deg_s:120.000   dt_ms:10.001 kp:3.0000        ki:0.0000       kd:0.0000       t_s:17.601
target_deg:-90.000      position_deg:-90.176    error_deg:0.176 p_deg_s:0.000   i_deg_s:0.000   d_deg_s:0.000   pid_deg_s:0.000 speed_deg_s:0.000       u_deg_s:0.000   v_limit_deg_s:120.000   dt_ms:10.000 kp:3.0000        ki:0.0000       kd:0.0000       t_s:17.701
target_deg:-90.000      position_deg:-90.176    error_deg:0.176 p_deg_s:0.000   i_deg_s:0.000   d_deg_s:0.000   pid_deg_s:0.000 speed_deg_s:0.000       u_deg_s:0.000   v_limit_deg_s:120.000   dt_ms:10.001 kp:3.0000        ki:0.0000       kd:0.0000       t_s:17.801
target_deg:-90.000      position_deg:-90.176    error_deg:0.176 p_deg_s:0.000   i_deg_s:0.000   d_deg_s:0.000   pid_deg_s:0.000 speed_deg_s:0.000       u_deg_s:0.000   v_limit_deg_s:120.000   dt_ms:10.002 kp:3.0000        ki:0.0000       kd:0.0000       t_s:17.901
target_deg:-90.000      position_deg:-90.088    error_deg:0.088 p_deg_s:0.000   i_deg_s:0.000   d_deg_s:0.000   pid_deg_s:0.000 speed_deg_s:0.000       u_deg_s:0.000   v_limit_deg_s:120.000   dt_ms:10.001 kp:3.0000        ki:0.0000       kd:0.0000       t_s:18.001
target_deg:-90.000      position_deg:-90.176    error_deg:0.176 p_deg_s:0.000   i_deg_s:0.000   d_deg_s:0.000   pid_deg_s:0.000 speed_deg_s:0.000       u_deg_s:0.000   v_limit_deg_s:120.000   dt_ms:10.000 kp:3.0000        ki:0.0000       kd:0.0000       t_s:18.101
target_deg:-90.000      position_deg:-90.176    error_deg:0.176 p_deg_s:0.000   i_deg_s:0.000   d_deg_s:0.000   pid_deg_s:0.000 speed_deg_s:0.000       u_deg_s:0.000   v_limit_deg_s:120.000   dt_ms:10.002 kp:3.0000        ki:0.0000       kd:0.0000       t_s:18.201
target_deg:-90.000      position_deg:-90.176    error_deg:0.176 p_deg_s:0.000   i_deg_s:0.000   d_deg_s:0.000   pid_deg_s:0.000 speed_deg_s:0.000       u_deg_s:0.000   v_limit_deg_s:120.000   dt_ms:10.002 kp:3.0000        ki:0.0000       kd:0.0000       t_s:18.301
target_deg:-90.000      position_deg:-90.176    error_deg:0.176 p_deg_s:0.000   i_deg_s:0.000   d_deg_s:0.000   pid_deg_s:0.000 speed_deg_s:0.000       u_deg_s:0.000   v_limit_deg_s:120.000   dt_ms:10.002 kp:3.0000        ki:0.0000       kd:0.0000       t_s:18.401
target_deg:-90.000      position_deg:-90.176    error_deg:0.176 p_deg_s:0.000   i_deg_s:0.000   d_deg_s:0.000   pid_deg_s:0.000 speed_deg_s:0.000       u_deg_s:0.000   v_limit_deg_s:120.000   dt_ms:10.001 kp:3.0000        ki:0.0000       kd:0.0000       t_s:18.501
target_deg:-90.000      position_deg:-90.176    error_deg:0.176 p_deg_s:0.000   i_deg_s:0.000   d_deg_s:0.000   pid_deg_s:0.000 speed_deg_s:0.000       u_deg_s:0.000   v_limit_deg_s:120.000   dt_ms:10.000 kp:3.0000        ki:0.0000       kd:0.0000       t_s:18.601
target_deg:-90.000      position_deg:-90.176    error_deg:0.176 p_deg_s:0.000   i_deg_s:0.000   d_deg_s:0.000   pid_deg_s:0.000 speed_deg_s:0.000       u_deg_s:0.000   v_limit_deg_s:120.000   dt_ms:10.002 kp:3.0000        ki:0.0000       kd:0.0000       t_s:18.701
target_deg:-90.000      position_deg:-90.176    error_deg:0.176 p_deg_s:0.000   i_deg_s:0.000   d_deg_s:0.000   pid_deg_s:0.000 speed_deg_s:0.000       u_deg_s:0.000   v_limit_deg_s:120.000   dt_ms:10.001 kp:3.0000        ki:0.0000       kd:0.0000       t_s:18.801
target_deg:-90.000      position_deg:-90.176    error_deg:0.176 p_deg_s:0.000   i_deg_s:0.000   d_deg_s:0.000   pid_deg_s:0.000 speed_deg_s:0.000       u_deg_s:0.000   v_limit_deg_s:120.000   dt_ms:10.000 kp:3.0000        ki:0.0000       kd:0.0000       t_s:18.901
target_deg:-90.000      position_deg:-90.176    error_deg:0.176 p_deg_s:0.000   i_deg_s:0.000   d_deg_s:0.000   pid_deg_s:0.000 speed_deg_s:0.000       u_deg_s:0.000   v_limit_deg_s:120.000   dt_ms:10.003 kp:3.0000        ki:0.0000       kd:0.0000       t_s:19.001
target_deg:-90.000      position_deg:-90.176    error_deg:0.176 p_deg_s:0.000   i_deg_s:0.000   d_deg_s:0.000   pid_deg_s:0.000 speed_deg_s:0.000       u_deg_s:0.000   v_limit_deg_s:120.000   dt_ms:10.001 kp:3.0000        ki:0.0000       kd:0.0000       t_s:19.101
target_deg:-90.000      position_deg:-90.176    error_deg:0.176 p_deg_s:0.000   i_deg_s:0.000   d_deg_s:0.000   pid_deg_s:0.000 speed_deg_s:0.000       u_deg_s:0.000   v_limit_deg_s:120.000   dt_ms:10.001 kp:3.0000        ki:0.0000       kd:0.0000       t_s:19.201
target_deg:-90.000      position_deg:-90.176    error_deg:0.176 p_deg_s:0.000   i_deg_s:0.000   d_deg_s:0.000   pid_deg_s:0.000 speed_deg_s:0.000       u_deg_s:0.000   v_limit_deg_s:120.000   dt_ms:10.001 kp:3.0000        ki:0.0000       kd:0.0000       t_s:19.301
target_deg:-90.000      position_deg:-90.176    error_deg:0.176 p_deg_s:0.000   i_deg_s:0.000   d_deg_s:0.000   pid_deg_s:0.000 speed_deg_s:0.000       u_deg_s:0.000   v_limit_deg_s:120.000   dt_ms:10.000 kp:3.0000        ki:0.0000       kd:0.0000       t_s:19.401
target_deg:-90.000      position_deg:-90.176    error_deg:0.176 p_deg_s:0.000   i_deg_s:0.000   d_deg_s:0.000   pid_deg_s:0.000 speed_deg_s:0.000       u_deg_s:0.000   v_limit_deg_s:120.000   dt_ms:10.002 kp:3.0000        ki:0.0000       kd:0.0000       t_s:19.501
target_deg:-90.000      position_deg:-90.176    error_deg:0.176 p_deg_s:0.000   i_deg_s:0.000   d_deg_s:0.000   pid_deg_s:0.000 speed_deg_s:0.000       u_deg_s:0.000   v_limit_deg_s:120.000   dt_ms:10.001 kp:3.0000        ki:0.0000       kd:0.0000       t_s:19.601
target_deg:-90.000      position_deg:-90.176    error_deg:0.176 p_deg_s:0.000   i_deg_s:0.000   d_deg_s:0.000   pid_deg_s:0.000 speed_deg_s:0.000       u_deg_s:0.000   v_limit_deg_s:120.000   dt_ms:10.002 kp:3.0000        ki:0.0000       kd:0.0000       t_s:19.701
target_deg:-90.000      position_deg:-90.176    error_deg:0.176 p_deg_s:0.000   i_deg_s:0.000   d_deg_s:0.000   pid_deg_s:0.000 speed_deg_s:0.000       u_deg_s:0.000   v_limit_deg_s:120.000   dt_ms:10.001 kp:3.0000        ki:0.0000       kd:0.0000       t_s:19.801
target_deg:-90.000      position_deg:-90.176    error_deg:0.176 p_deg_s:0.000   i_deg_s:0.000   d_deg_s:0.000   pid_deg_s:0.000 speed_deg_s:0.000       u_deg_s:0.000   v_limit_deg_s:120.000   dt_ms:10.002 kp:3.0000        ki:0.0000       kd:0.0000       t_s:19.901
target_deg:-90.000      position_deg:-90.176    error_deg:0.176 p_deg_s:0.000   i_deg_s:0.000   d_deg_s:0.000   pid_deg_s:0.000 speed_deg_s:0.000       u_deg_s:0.000   v_limit_deg_s:120.000   dt_ms:10.002 kp:3.0000        ki:0.0000       kd:0.0000       t_s:20.001
target_deg:-90.000      position_deg:-90.176    error_deg:0.176 p_deg_s:0.000   i_deg_s:0.000   d_deg_s:0.000   pid_deg_s:0.000 speed_deg_s:0.000       u_deg_s:0.000   v_limit_deg_s:120.000   dt_ms:10.002 kp:3.0000        ki:0.0000       kd:0.0000       t_s:20.102
target_deg:-90.000      position_deg:-90.176    error_deg:0.176 p_deg_s:0.000   i_deg_s:0.000   d_deg_s:0.000   pid_deg_s:0.000 speed_deg_s:0.000       u_deg_s:0.000   v_limit_deg_s:120.000   dt_ms:10.002 kp:3.0000        ki:0.0000       kd:0.0000       t_s:20.202
target_deg:-90.000      position_deg:-90.176    error_deg:0.176 p_deg_s:0.000   i_deg_s:0.000   d_deg_s:0.000   pid_deg_s:0.000 speed_deg_s:0.000       u_deg_s:0.000   v_limit_deg_s:120.000   dt_ms:10.001 kp:3.0000        ki:0.0000       kd:0.0000       t_s:20.302
target_deg:-90.000      position_deg:-90.176    error_deg:0.176 p_deg_s:0.000   i_deg_s:0.000   d_deg_s:0.000   pid_deg_s:0.000 speed_deg_s:0.000       u_deg_s:0.000   v_limit_deg_s:120.000   dt_ms:10.000 kp:3.0000        ki:0.0000       kd:0.0000       t_s:20.402
target_deg:-90.000      position_deg:-90.176    error_deg:0.176 p_deg_s:0.000   i_deg_s:0.000   d_deg_s:0.000   pid_deg_s:0.000 speed_deg_s:0.000       u_deg_s:0.000   v_limit_deg_s:120.000   dt_ms:10.002 kp:3.0000        ki:0.0000       kd:0.0000       t_s:20.502
target_deg:-90.000      position_deg:-90.176    error_deg:0.176 p_deg_s:0.000   i_deg_s:0.000   d_deg_s:0.000   pid_deg_s:0.000 speed_deg_s:0.000       u_deg_s:0.000   v_limit_deg_s:120.000   dt_ms:10.002 kp:3.0000        ki:0.0000       kd:0.0000       t_s:20.602
target_deg:-90.000      position_deg:-90.176    error_deg:0.176 p_deg_s:0.000   i_deg_s:0.000   d_deg_s:0.000   pid_deg_s:0.000 speed_deg_s:0.000       u_deg_s:0.000   v_limit_deg_s:120.000   dt_ms:10.000 kp:3.0000        ki:0.0000       kd:0.0000       t_s:20.702
target_deg:-90.000      position_deg:-90.088    error_deg:0.088 p_deg_s:0.000   i_deg_s:0.000   d_deg_s:0.000   pid_deg_s:0.000 speed_deg_s:0.000       u_deg_s:0.000   v_limit_deg_s:120.000   dt_ms:10.002 kp:3.0000        ki:0.0000       kd:0.0000       t_s:20.802
target_deg:-90.000      position_deg:-90.088    error_deg:0.088 p_deg_s:0.000   i_deg_s:0.000   d_deg_s:0.000   pid_deg_s:0.000 speed_deg_s:0.000       u_deg_s:0.000   v_limit_deg_s:120.000   dt_ms:10.001 kp:3.0000        ki:0.0000       kd:0.0000       t_s:20.902
target_deg:-90.000      position_deg:-90.176    error_deg:0.176 p_deg_s:0.000   i_deg_s:0.000   d_deg_s:0.000   pid_deg_s:0.000 speed_deg_s:0.000       u_deg_s:0.000   v_limit_deg_s:120.000   dt_ms:10.000 kp:3.0000        ki:0.0000       kd:0.0000       t_s:21.002
target_deg:-90.000      position_deg:-90.176    error_deg:0.176 p_deg_s:0.000   i_deg_s:0.000   d_deg_s:0.000   pid_deg_s:0.000 speed_deg_s:0.000       u_deg_s:0.000   v_limit_deg_s:120.000   dt_ms:10.001 kp:3.0000        ki:0.0000       kd:0.0000       t_s:21.102
target_deg:-90.000      position_deg:-90.176    error_deg:0.176 p_deg_s:0.000   i_deg_s:0.000   d_deg_s:0.000   pid_deg_s:0.000 speed_deg_s:0.000       u_deg_s:0.000   v_limit_deg_s:120.000   dt_ms:10.001 kp:3.0000        ki:0.0000       kd:0.0000       t_s:21.202
target_deg:-90.000      position_deg:-90.176    error_deg:0.176 p_deg_s:0.000   i_deg_s:0.000   d_deg_s:0.000   pid_deg_s:0.000 speed_deg_s:0.000       u_deg_s:0.000   v_limit_deg_s:120.000   dt_ms:10.001 kp:3.0000        ki:0.0000       kd:0.0000       t_s:21.302
target_deg:-90.000      position_deg:-90.176    error_deg:0.176 p_deg_s:0.000   i_deg_s:0.000   d_deg_s:0.000   pid_deg_s:0.000 speed_deg_s:0.000       u_deg_s:0.000   v_limit_deg_s:120.000   dt_ms:10.001 kp:3.0000        ki:0.0000       kd:0.0000       t_s:21.402
target_deg:-90.000      position_deg:-90.176    error_deg:0.176 p_deg_s:0.000   i_deg_s:0.000   d_deg_s:0.000   pid_deg_s:0.000 speed_deg_s:0.000       u_deg_s:0.000   v_limit_deg_s:120.000   dt_ms:10.002 kp:3.0000        ki:0.0000       kd:0.0000       t_s:21.502
target_deg:-90.000      position_deg:-90.176    error_deg:0.176 p_deg_s:0.000   i_deg_s:0.000   d_deg_s:0.000   pid_deg_s:0.000 speed_deg_s:0.000       u_deg_s:0.000   v_limit_deg_s:120.000   dt_ms:10.002 kp:3.0000        ki:0.0000       kd:0.0000       t_s:21.602
target_deg:-90.000      position_deg:-90.176    error_deg:0.176 p_deg_s:0.000   i_deg_s:0.000   d_deg_s:0.000   pid_deg_s:0.000 speed_deg_s:0.000       u_deg_s:0.000   v_limit_deg_s:120.000   dt_ms:10.002 kp:3.0000        ki:0.0000       kd:0.0000       t_s:21.702
target_deg:-90.000      position_deg:-90.176    error_deg:0.176 p_deg_s:0.000   i_deg_s:0.000   d_deg_s:0.000   pid_deg_s:0.000 speed_deg_s:0.000       u_deg_s:0.000   v_limit_deg_s:120.000   dt_ms:10.001 kp:3.0000        ki:0.0000       kd:0.0000       t_s:21.802
target_deg:-90.000      position_deg:-90.176    error_deg:0.176 p_deg_s:0.000   i_deg_s:0.000   d_deg_s:0.000   pid_deg_s:0.000 speed_deg_s:0.000       u_deg_s:0.000   v_limit_deg_s:120.000   dt_ms:10.002 kp:3.0000        ki:0.0000       kd:0.0000       t_s:21.902
target_deg:-90.000      position_deg:-90.176    error_deg:0.176 p_deg_s:0.000   i_deg_s:0.000   d_deg_s:0.000   pid_deg_s:0.000 speed_deg_s:0.000       u_deg_s:0.000   v_limit_deg_s:120.000   dt_ms:10.002 kp:3.0000        ki:0.0000       kd:0.0000       t_s:22.002
target_deg:-90.000      position_deg:-90.176    error_deg:0.176 p_deg_s:0.000   i_deg_s:0.000   d_deg_s:0.000   pid_deg_s:0.000 speed_deg_s:0.000       u_deg_s:0.000   v_limit_deg_s:120.000   dt_ms:10.001 kp:3.0000        ki:0.0000       kd:0.0000       t_s:22.102
target_deg:-90.000      position_deg:-90.176    error_deg:0.176 p_deg_s:0.000   i_deg_s:0.000   d_deg_s:0.000   pid_deg_s:0.000 speed_deg_s:0.000       u_deg_s:0.000   v_limit_deg_s:120.000   dt_ms:10.001 kp:3.0000        ki:0.0000       kd:0.0000       t_s:22.202
target_deg:-90.000      position_deg:-90.088    error_deg:0.088 p_deg_s:0.000   i_deg_s:0.000   d_deg_s:0.000   pid_deg_s:0.000 speed_deg_s:0.000       u_deg_s:0.000   v_limit_deg_s:120.000   dt_ms:10.001 kp:3.0000        ki:0.0000       kd:0.0000       t_s:22.302
target_deg:-90.000      position_deg:-90.176    error_deg:0.176 p_deg_s:0.000   i_deg_s:0.000   d_deg_s:0.000   pid_deg_s:0.000 speed_deg_s:0.000       u_deg_s:0.000   v_limit_deg_s:120.000   dt_ms:10.001 kp:3.0000        ki:0.0000       kd:0.0000       t_s:22.402
target_deg:-90.000      position_deg:-90.176    error_deg:0.176 p_deg_s:0.000   i_deg_s:0.000   d_deg_s:0.000   pid_deg_s:0.000 speed_deg_s:0.000       u_deg_s:0.000   v_limit_deg_s:120.000   dt_ms:10.002 kp:3.0000        ki:0.0000       kd:0.0000       t_s:22.502
target_deg:-90.000      position_deg:-90.176    error_deg:0.176 p_deg_s:0.000   i_deg_s:0.000   d_deg_s:0.000   pid_deg_s:0.000 speed_deg_s:0.000       u_deg_s:0.000   v_limit_deg_s:120.000   dt_ms:10.002 kp:3.0000        ki:0.0000       kd:0.0000       t_s:22.602
target_deg:-90.000      position_deg:-90.176    error_deg:0.176 p_deg_s:0.000   i_deg_s:0.000   d_deg_s:0.000   pid_deg_s:0.000 speed_deg_s:0.000       u_deg_s:0.000   v_limit_deg_s:120.000   dt_ms:10.001 kp:3.0000        ki:0.0000       kd:0.0000       t_s:22.702
target_deg:-90.000      position_deg:-90.176    error_deg:0.176 p_deg_s:0.000   i_deg_s:0.000   d_deg_s:0.000   pid_deg_s:0.000 speed_deg_s:0.000       u_deg_s:0.000   v_limit_deg_s:120.000   dt_ms:10.000 kp:3.0000        ki:0.0000       kd:0.0000       t_s:22.802
target_deg:-90.000      position_deg:-90.176    error_deg:0.176 p_deg_s:0.000   i_deg_s:0.000   d_deg_s:0.000   pid_deg_s:0.000 speed_deg_s:0.000       u_deg_s:0.000   v_limit_deg_s:120.000   dt_ms:10.002 kp:3.0000        ki:0.0000       kd:0.0000       t_s:22.902
target_deg:-90.000      position_deg:-90.176    error_deg:0.176 p_deg_s:0.000   i_deg_s:0.000   d_deg_s:0.000   pid_deg_s:0.000 speed_deg_s:0.000       u_deg_s:0.000   v_limit_deg_s:120.000   dt_ms:10.001 kp:3.0000        ki:0.0000       kd:0.0000       t_s:23.002
target_deg:-90.000      position_deg:-90.088    error_deg:0.088 p_deg_s:0.000   i_deg_s:0.000   d_deg_s:0.000   pid_deg_s:0.000 speed_deg_s:0.000       u_deg_s:0.000   v_limit_deg_s:120.000   dt_ms:10.001 kp:3.0000        ki:0.0000       kd:0.0000       t_s:23.102
target_deg:-90.000      position_deg:-90.176    error_deg:0.176 p_deg_s:0.000   i_deg_s:0.000   d_deg_s:0.000   pid_deg_s:0.000 speed_deg_s:0.000       u_deg_s:0.000   v_limit_deg_s:120.000   dt_ms:10.001 kp:3.0000        ki:0.0000       kd:0.0000       t_s:23.202
target_deg:-90.000      position_deg:-90.176    error_deg:0.176 p_deg_s:0.000   i_deg_s:0.000   d_deg_s:0.000   pid_deg_s:0.000 speed_deg_s:0.000       u_deg_s:0.000   v_limit_deg_s:120.000   dt_ms:10.002 kp:3.0000        ki:0.0000       kd:0.0000       t_s:23.302
target_deg:-90.000      position_deg:-90.176    error_deg:0.176 p_deg_s:0.000   i_deg_s:0.000   d_deg_s:0.000   pid_deg_s:0.000 speed_deg_s:0.000       u_deg_s:0.000   v_limit_deg_s:120.000   dt_ms:10.001 kp:3.0000        ki:0.0000       kd:0.0000       t_s:23.402
target_deg:-90.000      position_deg:-90.176    error_deg:0.176 p_deg_s:0.000   i_deg_s:0.000   d_deg_s:0.000   pid_deg_s:0.000 speed_deg_s:0.000       u_deg_s:0.000   v_limit_deg_s:120.000   dt_ms:10.000 kp:3.0000        ki:0.0000       kd:0.0000       t_s:23.502
target_deg:-90.000      position_deg:-90.176    error_deg:0.176 p_deg_s:0.000   i_deg_s:0.000   d_deg_s:0.000   pid_deg_s:0.000 speed_deg_s:0.000       u_deg_s:0.000   v_limit_deg_s:120.000   dt_ms:10.000 kp:3.0000        ki:0.0000       kd:0.0000       t_s:23.602
target_deg:-90.000      position_deg:-90.088    error_deg:0.088 p_deg_s:0.000   i_deg_s:0.000   d_deg_s:0.000   pid_deg_s:0.000 speed_deg_s:0.000       u_deg_s:0.000   v_limit_deg_s:120.000   dt_ms:10.001 kp:3.0000        ki:0.0000       kd:0.0000       t_s:23.702
target_deg:-90.000      position_deg:-90.088    error_deg:0.088 p_deg_s:0.000   i_deg_s:0.000   d_deg_s:0.000   pid_deg_s:0.000 speed_deg_s:0.000       u_deg_s:0.000   v_limit_deg_s:120.000   dt_ms:10.001 kp:3.0000        ki:0.0000       kd:0.0000       t_s:23.802
target_deg:-90.000      position_deg:-90.176    error_deg:0.176 p_deg_s:0.000   i_deg_s:0.000   d_deg_s:0.000   pid_deg_s:0.000 speed_deg_s:0.000       u_deg_s:0.000   v_limit_deg_s:120.000   dt_ms:10.001 kp:3.0000        ki:0.0000       kd:0.0000       t_s:23.902
target_deg:-90.000      position_deg:-90.176    error_deg:0.176 p_deg_s:0.000   i_deg_s:0.000   d_deg_s:0.000   pid_deg_s:0.000 speed_deg_s:0.000       u_deg_s:0.000   v_limit_deg_s:120.000   dt_ms:10.001 kp:3.0000        ki:0.0000       kd:0.0000       t_s:24.002
target_deg:-90.000      position_deg:-90.176    error_deg:0.176 p_deg_s:0.000   i_deg_s:0.000   d_deg_s:0.000   pid_deg_s:0.000 speed_deg_s:0.000       u_deg_s:0.000   v_limit_deg_s:120.000   dt_ms:10.003 kp:3.0000        ki:0.0000       kd:0.0000       t_s:24.102
target_deg:-90.000      position_deg:-90.176    error_deg:0.176 p_deg_s:0.000   i_deg_s:0.000   d_deg_s:0.000   pid_deg_s:0.000 speed_deg_s:0.000       u_deg_s:0.000   v_limit_deg_s:120.000   dt_ms:10.001 kp:3.0000        ki:0.0000       kd:0.0000       t_s:24.202
target_deg:-90.000      position_deg:-90.176    error_deg:0.176 p_deg_s:0.000   i_deg_s:0.000   d_deg_s:0.000   pid_deg_s:0.000 speed_deg_s:0.000       u_deg_s:0.000   v_limit_deg_s:120.000   dt_ms:10.001 kp:3.0000        ki:0.0000       kd:0.0000       t_s:24.302
target_deg:-90.000      position_deg:-90.176    error_deg:0.176 p_deg_s:0.000   i_deg_s:0.000   d_deg_s:0.000   pid_deg_s:0.000 speed_deg_s:0.000       u_deg_s:0.000   v_limit_deg_s:120.000   dt_ms:10.002 kp:3.0000        ki:0.0000       kd:0.0000       t_s:24.402
target_deg:-90.000      position_deg:-90.088    error_deg:0.088 p_deg_s:0.000   i_deg_s:0.000   d_deg_s:0.000   pid_deg_s:0.000 speed_deg_s:0.000       u_deg_s:0.000   v_limit_deg_s:120.000   dt_ms:10.002 kp:3.0000        ki:0.0000       kd:0.0000       t_s:24.502
target_deg:-90.000      position_deg:-90.176    error_deg:0.176 p_deg_s:0.000   i_deg_s:0.000   d_deg_s:0.000   pid_deg_s:0.000 speed_deg_s:0.000       u_deg_s:0.000   v_limit_deg_s:120.000   dt_ms:10.001 kp:3.0000        ki:0.0000       kd:0.0000       t_s:24.602
target_deg:-90.000      position_deg:-90.176    error_deg:0.176 p_deg_s:0.000   i_deg_s:0.000   d_deg_s:0.000   pid_deg_s:0.000 speed_deg_s:0.000       u_deg_s:0.000   v_limit_deg_s:120.000   dt_ms:10.001 kp:3.0000        ki:0.0000       kd:0.0000       t_s:24.702
target_deg:-90.000      position_deg:-90.176    error_deg:0.176 p_deg_s:0.000   i_deg_s:0.000   d_deg_s:0.000   pid_deg_s:0.000 speed_deg_s:0.000       u_deg_s:0.000   v_limit_deg_s:120.000   dt_ms:10.002 kp:3.0000        ki:0.0000       kd:0.0000       t_s:24.802
target_deg:-90.000      position_deg:-90.176    error_deg:0.176 p_deg_s:0.000   i_deg_s:0.000   d_deg_s:0.000   pid_deg_s:0.000 speed_deg_s:0.000       u_deg_s:0.000   v_limit_deg_s:120.000   dt_ms:10.000 kp:3.0000        ki:0.0000       kd:0.0000       t_s:24.902
target_deg:-90.000      position_deg:-90.176    error_deg:0.176 p_deg_s:0.000   i_deg_s:0.000   d_deg_s:0.000   pid_deg_s:0.000 speed_deg_s:0.000       u_deg_s:0.000   v_limit_deg_s:120.000   dt_ms:10.003 kp:3.0000        ki:0.0000       kd:0.0000       t_s:25.002
target_deg:-90.000      position_deg:-90.176    error_deg:0.176 p_deg_s:0.000   i_deg_s:0.000   d_deg_s:0.000   pid_deg_s:0.000 speed_deg_s:0.000       u_deg_s:0.000   v_limit_deg_s:120.000   dt_ms:10.001 kp:3.0000        ki:0.0000       kd:0.0000       t_s:25.102
target_deg:-90.000      position_deg:-90.176    error_deg:0.176 p_deg_s:0.000   i_deg_s:0.000   d_deg_s:0.000   pid_deg_s:0.000 speed_deg_s:0.000       u_deg_s:0.000   v_limit_deg_s:120.000   dt_ms:10.001 kp:3.0000        ki:0.0000       kd:0.0000       t_s:25.202
target_deg:-90.000      position_deg:-90.176    error_deg:0.176 p_deg_s:0.000   i_deg_s:0.000   d_deg_s:0.000   pid_deg_s:0.000 speed_deg_s:0.000       u_deg_s:0.000   v_limit_deg_s:120.000   dt_ms:10.001 kp:3.0000        ki:0.0000       kd:0.0000       t_s:25.302
target_deg:-90.000      position_deg:-90.176    error_deg:0.176 p_deg_s:0.000   i_deg_s:0.000   d_deg_s:0.000   pid_deg_s:0.000 speed_deg_s:0.000       u_deg_s:0.000   v_limit_deg_s:120.000   dt_ms:10.001 kp:3.0000        ki:0.0000       kd:0.0000       t_s:25.402
target_deg:-90.000      position_deg:-90.088    error_deg:0.088 p_deg_s:0.000   i_deg_s:0.000   d_deg_s:0.000   pid_deg_s:0.000 speed_deg_s:0.000       u_deg_s:0.000   v_limit_deg_s:120.000   dt_ms:10.002 kp:3.0000        ki:0.0000       kd:0.0000       t_s:25.502
target_deg:-90.000      position_deg:-90.176    error_deg:0.176 p_deg_s:0.000   i_deg_s:0.000   d_deg_s:0.000   pid_deg_s:0.000 speed_deg_s:0.000       u_deg_s:0.000   v_limit_deg_s:120.000   dt_ms:10.001 kp:3.0000        ki:0.0000       kd:0.0000       t_s:25.602
target_deg:-90.000      position_deg:-90.176    error_deg:0.176 p_deg_s:0.000   i_deg_s:0.000   d_deg_s:0.000   pid_deg_s:0.000 speed_deg_s:0.000       u_deg_s:0.000   v_limit_deg_s:120.000   dt_ms:10.002 kp:3.0000        ki:0.0000       kd:0.0000       t_s:25.702
target_deg:-90.000      position_deg:-90.176    error_deg:0.176 p_deg_s:0.000   i_deg_s:0.000   d_deg_s:0.000   pid_deg_s:0.000 speed_deg_s:0.000       u_deg_s:0.000   v_limit_deg_s:120.000   dt_ms:10.001 kp:3.0000        ki:0.0000       kd:0.0000       t_s:25.802
target_deg:-90.000      position_deg:-90.176    error_deg:0.176 p_deg_s:0.000   i_deg_s:0.000   d_deg_s:0.000   pid_deg_s:0.000 speed_deg_s:0.000       u_deg_s:0.000   v_limit_deg_s:120.000   dt_ms:10.002 kp:3.0000        ki:0.0000       kd:0.0000       t_s:25.902
target_deg:-90.000      position_deg:-90.176    error_deg:0.176 p_deg_s:0.000   i_deg_s:0.000   d_deg_s:0.000   pid_deg_s:0.000 speed_deg_s:0.000       u_deg_s:0.000   v_limit_deg_s:120.000   dt_ms:10.001 kp:3.0000        ki:0.0000       kd:0.0000       t_s:26.002
target_deg:-90.000      position_deg:-90.176    error_deg:0.176 p_deg_s:0.000   i_deg_s:0.000   d_deg_s:0.000   pid_deg_s:0.000 speed_deg_s:0.000       u_deg_s:0.000   v_limit_deg_s:120.000   dt_ms:10.001 kp:3.0000        ki:0.0000       kd:0.0000       t_s:26.102
target_deg:-90.000      position_deg:-90.176    error_deg:0.176 p_deg_s:0.000   i_deg_s:0.000   d_deg_s:0.000   pid_deg_s:0.000 speed_deg_s:0.000       u_deg_s:0.000   v_limit_deg_s:120.000   dt_ms:10.000 kp:3.0000        ki:0.0000       kd:0.0000       t_s:26.202
target_deg:-90.000      position_deg:-90.088    error_deg:0.088 p_deg_s:0.000   i_deg_s:0.000   d_deg_s:0.000   pid_deg_s:0.000 speed_deg_s:0.000       u_deg_s:0.000   v_limit_deg_s:120.000   dt_ms:10.002 kp:3.0000        ki:0.0000       kd:0.0000       t_s:26.302
target_deg:-90.000      position_deg:-90.176    error_deg:0.176 p_deg_s:0.000   i_deg_s:0.000   d_deg_s:0.000   pid_deg_s:0.000 speed_deg_s:0.000       u_deg_s:0.000   v_limit_deg_s:120.000   dt_ms:10.001 kp:3.0000        ki:0.0000       kd:0.0000       t_s:26.402
target_deg:-90.000      position_deg:-90.176    error_deg:0.176 p_deg_s:0.000   i_deg_s:0.000   d_deg_s:0.000   pid_deg_s:0.000 speed_deg_s:0.000       u_deg_s:0.000   v_limit_deg_s:120.000   dt_ms:10.000 kp:3.0000        ki:0.0000       kd:0.0000       t_s:26.502
target_deg:-90.000      position_deg:-90.176    error_deg:0.176 p_deg_s:0.000   i_deg_s:0.000   d_deg_s:0.000   pid_deg_s:0.000 speed_deg_s:0.000       u_deg_s:0.000   v_limit_deg_s:120.000   dt_ms:10.000 kp:3.0000        ki:0.0000       kd:0.0000       t_s:26.602
target_deg:-90.000      position_deg:-90.176    error_deg:0.176 p_deg_s:0.000   i_deg_s:0.000   d_deg_s:0.000   pid_deg_s:0.000 speed_deg_s:0.000       u_deg_s:0.000   v_limit_deg_s:120.000   dt_ms:10.000 kp:3.0000        ki:0.0000       kd:0.0000       t_s:26.702
target_deg:-90.000      position_deg:-90.176    error_deg:0.176 p_deg_s:0.000   i_deg_s:0.000   d_deg_s:0.000   pid_deg_s:0.000 speed_deg_s:0.000       u_deg_s:0.000   v_limit_deg_s:120.000   dt_ms:10.002 kp:3.0000        ki:0.0000       kd:0.0000       t_s:26.802
target_deg:-90.000      position_deg:-90.176    error_deg:0.176 p_deg_s:0.000   i_deg_s:0.000   d_deg_s:0.000   pid_deg_s:0.000 speed_deg_s:0.000       u_deg_s:0.000   v_limit_deg_s:120.000   dt_ms:10.002 kp:3.0000        ki:0.0000       kd:0.0000       t_s:26.902
target_deg:-90.000      position_deg:-90.176    error_deg:0.176 p_deg_s:0.000   i_deg_s:0.000   d_deg_s:0.000   pid_deg_s:0.000 speed_deg_s:0.000       u_deg_s:0.000   v_limit_deg_s:120.000   dt_ms:10.000 kp:3.0000        ki:0.0000       kd:0.0000       t_s:27.002
target_deg:-90.000      position_deg:-90.088    error_deg:0.088 p_deg_s:0.000   i_deg_s:0.000   d_deg_s:0.000   pid_deg_s:0.000 speed_deg_s:0.000       u_deg_s:0.000   v_limit_deg_s:120.000   dt_ms:10.002 kp:3.0000        ki:0.0000       kd:0.0000       t_s:27.102
target_deg:-90.000      position_deg:-90.176    error_deg:0.176 p_deg_s:0.000   i_deg_s:0.000   d_deg_s:0.000   pid_deg_s:0.000 speed_deg_s:0.000       u_deg_s:0.000   v_limit_deg_s:120.000   dt_ms:10.002 kp:3.0000        ki:0.0000       kd:0.0000       t_s:27.202
target_deg:-90.000      position_deg:-90.176    error_deg:0.176 p_deg_s:0.000   i_deg_s:0.000   d_deg_s:0.000   pid_deg_s:0.000 speed_deg_s:0.000       u_deg_s:0.000   v_limit_deg_s:120.000   dt_ms:10.001 kp:3.0000        ki:0.0000       kd:0.0000       t_s:27.302
target_deg:-90.000      position_deg:-90.176    error_deg:0.176 p_deg_s:0.000   i_deg_s:0.000   d_deg_s:0.000   pid_deg_s:0.000 speed_deg_s:0.000       u_deg_s:0.000   v_limit_deg_s:120.000   dt_ms:10.001 kp:3.0000        ki:0.0000       kd:0.0000       t_s:27.402
target_deg:-90.000      position_deg:-90.176    error_deg:0.176 p_deg_s:0.000   i_deg_s:0.000   d_deg_s:0.000   pid_deg_s:0.000 speed_deg_s:0.000       u_deg_s:0.000   v_limit_deg_s:120.000   dt_ms:10.001 kp:3.0000        ki:0.0000       kd:0.0000       t_s:27.502
target_deg:-90.000      position_deg:-90.176    error_deg:0.176 p_deg_s:0.000   i_deg_s:0.000   d_deg_s:0.000   pid_deg_s:0.000 speed_deg_s:0.000       u_deg_s:0.000   v_limit_deg_s:120.000   dt_ms:10.002 kp:3.0000        ki:0.0000       kd:0.0000       t_s:27.603
target_deg:-90.000      position_deg:-90.176    error_deg:0.176 p_deg_s:0.000   i_deg_s:0.000   d_deg_s:0.000   pid_deg_s:0.000 speed_deg_s:0.000       u_deg_s:0.000   v_limit_deg_s:120.000   dt_ms:10.001 kp:3.0000        ki:0.0000       kd:0.0000       t_s:27.703
target_deg:-90.000      position_deg:-90.176    error_deg:0.176 p_deg_s:0.000   i_deg_s:0.000   d_deg_s:0.000   pid_deg_s:0.000 speed_deg_s:0.000       u_deg_s:0.000   v_limit_deg_s:120.000   dt_ms:10.002 kp:3.0000        ki:0.0000       kd:0.0000       t_s:27.803
target_deg:-90.000      position_deg:-90.176    error_deg:0.176 p_deg_s:0.000   i_deg_s:0.000   d_deg_s:0.000   pid_deg_s:0.000 speed_deg_s:0.000       u_deg_s:0.000   v_limit_deg_s:120.000   dt_ms:10.001 kp:3.0000        ki:0.0000       kd:0.0000       t_s:27.903
target_deg:-90.000      position_deg:-90.176    error_deg:0.176 p_deg_s:0.000   i_deg_s:0.000   d_deg_s:0.000   pid_deg_s:0.000 speed_deg_s:0.000       u_deg_s:0.000   v_limit_deg_s:120.000   dt_ms:10.001 kp:3.0000        ki:0.0000       kd:0.0000       t_s:28.003
target_deg:-90.000      position_deg:-90.176    error_deg:0.176 p_deg_s:0.000   i_deg_s:0.000   d_deg_s:0.000   pid_deg_s:0.000 speed_deg_s:0.000       u_deg_s:0.000   v_limit_deg_s:120.000   dt_ms:10.001 kp:3.0000        ki:0.0000       kd:0.0000       t_s:28.103
target_deg:-90.000      position_deg:-90.176    error_deg:0.176 p_deg_s:0.000   i_deg_s:0.000   d_deg_s:0.000   pid_deg_s:0.000 speed_deg_s:0.000       u_deg_s:0.000   v_limit_deg_s:120.000   dt_ms:10.001 kp:3.0000        ki:0.0000       kd:0.0000       t_s:28.203
target_deg:-90.000      position_deg:-90.176    error_deg:0.176 p_deg_s:0.000   i_deg_s:0.000   d_deg_s:0.000   pid_deg_s:0.000 speed_deg_s:0.000       u_deg_s:0.000   v_limit_deg_s:120.000   dt_ms:10.000 kp:3.0000        ki:0.0000       kd:0.0000       t_s:28.303
target_deg:-90.000      position_deg:-90.176    error_deg:0.176 p_deg_s:0.000   i_deg_s:0.000   d_deg_s:0.000   pid_deg_s:0.000 speed_deg_s:0.000       u_deg_s:0.000   v_limit_deg_s:120.000   dt_ms:10.001 kp:3.0000        ki:0.0000       kd:0.0000       t_s:28.403
target_deg:-90.000      position_deg:-90.176    error_deg:0.176 p_deg_s:0.000   i_deg_s:0.000   d_deg_s:0.000   pid_deg_s:0.000 speed_deg_s:0.000       u_deg_s:0.000   v_limit_deg_s:120.000   dt_ms:10.000 kp:3.0000        ki:0.0000       kd:0.0000       t_s:28.503
target_deg:-90.000      position_deg:-90.176    error_deg:0.176 p_deg_s:0.000   i_deg_s:0.000   d_deg_s:0.000   pid_deg_s:0.000 speed_deg_s:0.000       u_deg_s:0.000   v_limit_deg_s:120.000   dt_ms:10.000 kp:3.0000        ki:0.0000       kd:0.0000       t_s:28.603
target_deg:-90.000      position_deg:-90.176    error_deg:0.176 p_deg_s:0.000   i_deg_s:0.000   d_deg_s:0.000   pid_deg_s:0.000 speed_deg_s:0.000       u_deg_s:0.000   v_limit_deg_s:120.000   dt_ms:10.001 kp:3.0000        ki:0.0000       kd:0.0000       t_s:28.703
target_deg:-90.000      position_deg:-90.176    error_deg:0.176 p_deg_s:0.000   i_deg_s:0.000   d_deg_s:0.000   pid_deg_s:0.000 speed_deg_s:0.000       u_deg_s:0.000   v_limit_deg_s:120.000   dt_ms:10.000 kp:3.0000        ki:0.0000       kd:0.0000       t_s:28.803
target_deg:-90.000      position_deg:-90.176    error_deg:0.176 p_deg_s:0.000   i_deg_s:0.000   d_deg_s:0.000   pid_deg_s:0.000 speed_deg_s:0.000       u_deg_s:0.000   v_limit_deg_s:120.000   dt_ms:10.001 kp:3.0000        ki:0.0000       kd:0.0000       t_s:28.903
target_deg:-90.000      position_deg:-90.176    error_deg:0.176 p_deg_s:0.000   i_deg_s:0.000   d_deg_s:0.000   pid_deg_s:0.000 speed_deg_s:0.000       u_deg_s:0.000   v_limit_deg_s:120.000   dt_ms:10.002 kp:3.0000        ki:0.0000       kd:0.0000       t_s:29.003
target_deg:-90.000      position_deg:-90.176    error_deg:0.176 p_deg_s:0.000   i_deg_s:0.000   d_deg_s:0.000   pid_deg_s:0.000 speed_deg_s:0.000       u_deg_s:0.000   v_limit_deg_s:120.000   dt_ms:10.000 kp:3.0000        ki:0.0000       kd:0.0000       t_s:29.103
target_deg:-90.000      position_deg:-90.176    error_deg:0.176 p_deg_s:0.000   i_deg_s:0.000   d_deg_s:0.000   pid_deg_s:0.000 speed_deg_s:0.000       u_deg_s:0.000   v_limit_deg_s:120.000   dt_ms:10.002 kp:3.0000        ki:0.0000       kd:0.0000       t_s:29.203
target_deg:-90.000      position_deg:-90.176    error_deg:0.176 p_deg_s:0.000   i_deg_s:0.000   d_deg_s:0.000   pid_deg_s:0.000 speed_deg_s:0.000       u_deg_s:0.000   v_limit_deg_s:120.000   dt_ms:10.000 kp:3.0000        ki:0.0000       kd:0.0000       t_s:29.303
target_deg:-90.000      position_deg:-90.176    error_deg:0.176 p_deg_s:0.000   i_deg_s:0.000   d_deg_s:0.000   pid_deg_s:0.000 speed_deg_s:0.000       u_deg_s:0.000   v_limit_deg_s:120.000   dt_ms:10.001 kp:3.0000        ki:0.0000       kd:0.0000       t_s:29.403
target_deg:-90.000      position_deg:-90.176    error_deg:0.176 p_deg_s:0.000   i_deg_s:0.000   d_deg_s:0.000   pid_deg_s:0.000 speed_deg_s:0.000       u_deg_s:0.000   v_limit_deg_s:120.000   dt_ms:10.003 kp:3.0000        ki:0.0000       kd:0.0000       t_s:29.503
target_deg:-90.000      position_deg:-90.176    error_deg:0.176 p_deg_s:0.000   i_deg_s:0.000   d_deg_s:0.000   pid_deg_s:0.000 speed_deg_s:0.000       u_deg_s:0.000   v_limit_deg_s:120.000   dt_ms:10.000 kp:3.0000        ki:0.0000       kd:0.0000       t_s:29.603
target_deg:-90.000      position_deg:-90.088    error_deg:0.088 p_deg_s:0.000   i_deg_s:0.000   d_deg_s:0.000   pid_deg_s:0.000 speed_deg_s:0.000       u_deg_s:0.000   v_limit_deg_s:120.000   dt_ms:10.002 kp:3.0000        ki:0.0000       kd:0.0000       t_s:29.703
target_deg:-90.000      position_deg:-90.176    error_deg:0.176 p_deg_s:0.000   i_deg_s:0.000   d_deg_s:0.000   pid_deg_s:0.000 speed_deg_s:0.000       u_deg_s:0.000   v_limit_deg_s:120.000   dt_ms:10.001 kp:3.0000        ki:0.0000       kd:0.0000       t_s:29.803
target_deg:-90.000      position_deg:-90.176    error_deg:0.176 p_deg_s:0.000   i_deg_s:0.000   d_deg_s:0.000   pid_deg_s:0.000 speed_deg_s:0.000       u_deg_s:0.000   v_limit_deg_s:120.000   dt_ms:10.000 kp:3.0000        ki:0.0000       kd:0.0000       t_s:29.903
target_deg:-90.000      position_deg:-90.176    error_deg:0.176 p_deg_s:0.000   i_deg_s:0.000   d_deg_s:0.000   pid_deg_s:0.000 speed_deg_s:0.000       u_deg_s:0.000   v_limit_deg_s:120.000   dt_ms:10.002 kp:3.0000        ki:0.0000       kd:0.0000       t_s:30.003
target_deg:-90.000      position_deg:-90.176    error_deg:0.176 p_deg_s:0.000   i_deg_s:0.000   d_deg_s:0.000   pid_deg_s:0.000 speed_deg_s:0.000       u_deg_s:0.000   v_limit_deg_s:120.000   dt_ms:10.002 kp:3.0000        ki:0.0000       kd:0.0000       t_s:30.103
target_deg:-90.000      position_deg:-90.176    error_deg:0.176 p_deg_s:0.000   i_deg_s:0.000   d_deg_s:0.000   pid_deg_s:0.000 speed_deg_s:0.000       u_deg_s:0.000   v_limit_deg_s:120.000   dt_ms:10.001 kp:3.0000        ki:0.0000       kd:0.0000       t_s:30.203
target_deg:-90.000      position_deg:-90.176    error_deg:0.176 p_deg_s:0.000   i_deg_s:0.000   d_deg_s:0.000   pid_deg_s:0.000 speed_deg_s:0.000       u_deg_s:0.000   v_limit_deg_s:120.000   dt_ms:10.002 kp:3.0000        ki:0.0000       kd:0.0000       t_s:30.303
target_deg:-90.000      position_deg:-90.176    error_deg:0.176 p_deg_s:0.000   i_deg_s:0.000   d_deg_s:0.000   pid_deg_s:0.000 speed_deg_s:0.000       u_deg_s:0.000   v_limit_deg_s:120.000   dt_ms:10.002 kp:3.0000        ki:0.0000       kd:0.0000       t_s:30.403
target_deg:-90.000      position_deg:-90.176    error_deg:0.176 p_deg_s:0.000   i_deg_s:0.000   d_deg_s:0.000   pid_deg_s:0.000 speed_deg_s:0.000       u_deg_s:0.000   v_limit_deg_s:120.000   dt_ms:10.002 kp:3.0000        ki:0.0000       kd:0.0000       t_s:30.503
target_deg:-90.000      position_deg:-90.176    error_deg:0.176 p_deg_s:0.000   i_deg_s:0.000   d_deg_s:0.000   pid_deg_s:0.000 speed_deg_s:0.000       u_deg_s:0.000   v_limit_deg_s:120.000   dt_ms:10.003 kp:3.0000        ki:0.0000       kd:0.0000       t_s:30.603
target_deg:-90.000      position_deg:-90.088    error_deg:0.088 p_deg_s:0.000   i_deg_s:0.000   d_deg_s:0.000   pid_deg_s:0.000 speed_deg_s:0.000       u_deg_s:0.000   v_limit_deg_s:120.000   dt_ms:10.001 kp:3.0000        ki:0.0000       kd:0.0000       t_s:30.703
target_deg:-90.000      position_deg:-90.176    error_deg:0.176 p_deg_s:0.000   i_deg_s:0.000   d_deg_s:0.000   pid_deg_s:0.000 speed_deg_s:0.000       u_deg_s:0.000   v_limit_deg_s:120.000   dt_ms:10.002 kp:3.0000        ki:0.0000       kd:0.0000       t_s:30.803
target_deg:-90.000      position_deg:-90.176    error_deg:0.176 p_deg_s:0.000   i_deg_s:0.000   d_deg_s:0.000   pid_deg_s:0.000 speed_deg_s:0.000       u_deg_s:0.000   v_limit_deg_s:120.000   dt_ms:10.001 kp:3.0000        ki:0.0000       kd:0.0000       t_s:30.903
target_deg:-90.000      position_deg:-90.176    error_deg:0.176 p_deg_s:0.000   i_deg_s:0.000   d_deg_s:0.000   pid_deg_s:0.000 speed_deg_s:0.000       u_deg_s:0.000   v_limit_deg_s:120.000   dt_ms:10.000 kp:3.0000        ki:0.0000       kd:0.0000       t_s:31.003
target_deg:-90.000      position_deg:-90.176    error_deg:0.176 p_deg_s:0.000   i_deg_s:0.000   d_deg_s:0.000   pid_deg_s:0.000 speed_deg_s:0.000       u_deg_s:0.000   v_limit_deg_s:120.000   dt_ms:10.001 kp:3.0000        ki:0.0000       kd:0.0000       t_s:31.103
target_deg:-90.000      position_deg:-90.176    error_deg:0.176 p_deg_s:0.000   i_deg_s:0.000   d_deg_s:0.000   pid_deg_s:0.000 speed_deg_s:0.000       u_deg_s:0.000   v_limit_deg_s:120.000   dt_ms:10.002 kp:3.0000        ki:0.0000       kd:0.0000       t_s:31.203
target_deg:-90.000      position_deg:-90.176    error_deg:0.176 p_deg_s:0.000   i_deg_s:0.000   d_deg_s:0.000   pid_deg_s:0.000 speed_deg_s:0.000       u_deg_s:0.000   v_limit_deg_s:120.000   dt_ms:10.002 kp:3.0000        ki:0.0000       kd:0.0000       t_s:31.303
target_deg:-90.000      position_deg:-90.176    error_deg:0.176 p_deg_s:0.000   i_deg_s:0.000   d_deg_s:0.000   pid_deg_s:0.000 speed_deg_s:0.000       u_deg_s:0.000   v_limit_deg_s:120.000   dt_ms:10.002 kp:3.0000        ki:0.0000       kd:0.0000       t_s:31.403
target_deg:-90.000      position_deg:-90.088    error_deg:0.088 p_deg_s:0.000   i_deg_s:0.000   d_deg_s:0.000   pid_deg_s:0.000 speed_deg_s:0.000       u_deg_s:0.000   v_limit_deg_s:120.000   dt_ms:10.000 kp:3.0000        ki:0.0000       kd:0.0000       t_s:31.503
target_deg:-90.000      position_deg:-90.176    error_deg:0.176 p_deg_s:0.000   i_deg_s:0.000   d_deg_s:0.000   pid_deg_s:0.000 speed_deg_s:0.000       u_deg_s:0.000   v_limit_deg_s:120.000   dt_ms:10.001 kp:3.0000        ki:0.0000       kd:0.0000       t_s:31.603
target_deg:-90.000      position_deg:-90.176    error_deg:0.176 p_deg_s:0.000   i_deg_s:0.000   d_deg_s:0.000   pid_deg_s:0.000 speed_deg_s:0.000       u_deg_s:0.000   v_limit_deg_s:120.000   dt_ms:10.002 kp:3.0000        ki:0.0000       kd:0.0000       t_s:31.703
target_deg:-90.000      position_deg:-90.176    error_deg:0.176 p_deg_s:0.000   i_deg_s:0.000   d_deg_s:0.000   pid_deg_s:0.000 speed_deg_s:0.000       u_deg_s:0.000   v_limit_deg_s:120.000   dt_ms:10.000 kp:3.0000        ki:0.0000       kd:0.0000       t_s:31.803
target_deg:-90.000      position_deg:-90.176    error_deg:0.176 p_deg_s:0.000   i_deg_s:0.000   d_deg_s:0.000   pid_deg_s:0.000 speed_deg_s:0.000       u_deg_s:0.000   v_limit_deg_s:120.000   dt_ms:10.003 kp:3.0000        ki:0.0000       kd:0.0000       t_s:31.903
target_deg:-90.000      position_deg:-90.088    error_deg:0.088 p_deg_s:0.000   i_deg_s:0.000   d_deg_s:0.000   pid_deg_s:0.000 speed_deg_s:0.000       u_deg_s:0.000   v_limit_deg_s:120.000   dt_ms:10.001 kp:3.0000        ki:0.0000       kd:0.0000       t_s:32.003
target_deg:-90.000      position_deg:-90.176    error_deg:0.176 p_deg_s:0.000   i_deg_s:0.000   d_deg_s:0.000   pid_deg_s:0.000 speed_deg_s:0.000       u_deg_s:0.000   v_limit_deg_s:120.000   dt_ms:10.003 kp:3.0000        ki:0.0000       kd:0.0000       t_s:32.103
target_deg:-90.000      position_deg:-90.176    error_deg:0.176 p_deg_s:0.000   i_deg_s:0.000   d_deg_s:0.000   pid_deg_s:0.000 speed_deg_s:0.000       u_deg_s:0.000   v_limit_deg_s:120.000   dt_ms:10.002 kp:3.0000        ki:0.0000       kd:0.0000       t_s:32.203
target_deg:-90.000      position_deg:-90.176    error_deg:0.176 p_deg_s:0.000   i_deg_s:0.000   d_deg_s:0.000   pid_deg_s:0.000 speed_deg_s:0.000       u_deg_s:0.000   v_limit_deg_s:120.000   dt_ms:10.001 kp:3.0000        ki:0.0000       kd:0.0000       t_s:32.303
target_deg:-90.000      position_deg:-90.176    error_deg:0.176 p_deg_s:0.000   i_deg_s:0.000   d_deg_s:0.000   pid_deg_s:0.000 speed_deg_s:0.000       u_deg_s:0.000   v_limit_deg_s:120.000   dt_ms:10.001 kp:3.0000        ki:0.0000       kd:0.0000       t_s:32.403
target_deg:-90.000      position_deg:-90.176    error_deg:0.176 p_deg_s:0.000   i_deg_s:0.000   d_deg_s:0.000   pid_deg_s:0.000 speed_deg_s:0.000       u_deg_s:0.000   v_limit_deg_s:120.000   dt_ms:10.001 kp:3.0000        ki:0.0000       kd:0.0000       t_s:32.503
target_deg:-90.000      position_deg:-90.176    error_deg:0.176 p_deg_s:0.000   i_deg_s:0.000   d_deg_s:0.000   pid_deg_s:0.000 speed_deg_s:0.000       u_deg_s:0.000   v_limit_deg_s:120.000   dt_ms:10.001 kp:3.0000        ki:0.0000       kd:0.0000       t_s:32.603
target_deg:-90.000      position_deg:-90.176    error_deg:0.176 p_deg_s:0.000   i_deg_s:0.000   d_deg_s:0.000   pid_deg_s:0.000 speed_deg_s:0.000       u_deg_s:0.000   v_limit_deg_s:120.000   dt_ms:10.001 kp:3.0000        ki:0.0000       kd:0.0000       t_s:32.703
target_deg:-90.000      position_deg:-90.176    error_deg:0.176 p_deg_s:0.000   i_deg_s:0.000   d_deg_s:0.000   pid_deg_s:0.000 speed_deg_s:0.000       u_deg_s:0.000   v_limit_deg_s:120.000   dt_ms:10.002 kp:3.0000        ki:0.0000       kd:0.0000       t_s:32.803
target_deg:-90.000      position_deg:-90.176    error_deg:0.176 p_deg_s:0.000   i_deg_s:0.000   d_deg_s:0.000   pid_deg_s:0.000 speed_deg_s:0.000       u_deg_s:0.000   v_limit_deg_s:120.000   dt_ms:10.002 kp:3.0000        ki:0.0000       kd:0.0000       t_s:32.903
target_deg:-90.000      position_deg:-90.088    error_deg:0.088 p_deg_s:0.000   i_deg_s:0.000   d_deg_s:0.000   pid_deg_s:0.000 speed_deg_s:0.000       u_deg_s:0.000   v_limit_deg_s:120.000   dt_ms:10.000 kp:3.0000        ki:0.0000       kd:0.0000       t_s:33.003
target_deg:-90.000      position_deg:-90.176    error_deg:0.176 p_deg_s:0.000   i_deg_s:0.000   d_deg_s:0.000   pid_deg_s:0.000 speed_deg_s:0.000       u_deg_s:0.000   v_limit_deg_s:120.000   dt_ms:10.002 kp:3.0000        ki:0.0000       kd:0.0000       t_s:33.103
target_deg:-90.000      position_deg:-90.176    error_deg:0.176 p_deg_s:0.000   i_deg_s:0.000   d_deg_s:0.000   pid_deg_s:0.000 speed_deg_s:0.000       u_deg_s:0.000   v_limit_deg_s:120.000   dt_ms:10.002 kp:3.0000        ki:0.0000       kd:0.0000       t_s:33.203
target_deg:-90.000      position_deg:-90.176    error_deg:0.176 p_deg_s:0.000   i_deg_s:0.000   d_deg_s:0.000   pid_deg_s:0.000 speed_deg_s:0.000       u_deg_s:0.000   v_limit_deg_s:120.000   dt_ms:10.003 kp:3.0000        ki:0.0000       kd:0.0000       t_s:33.303
target_deg:-90.000      position_deg:-90.088    error_deg:0.088 p_deg_s:0.000   i_deg_s:0.000   d_deg_s:0.000   pid_deg_s:0.000 speed_deg_s:0.000       u_deg_s:0.000   v_limit_deg_s:120.000   dt_ms:10.002 kp:3.0000        ki:0.0000       kd:0.0000       t_s:33.403
target_deg:-90.000      position_deg:-90.176    error_deg:0.176 p_deg_s:0.000   i_deg_s:0.000   d_deg_s:0.000   pid_deg_s:0.000 speed_deg_s:0.000       u_deg_s:0.000   v_limit_deg_s:120.000   dt_ms:10.001 kp:3.0000        ki:0.0000       kd:0.0000       t_s:33.503
target_deg:-90.000      position_deg:-90.176    error_deg:0.176 p_deg_s:0.000   i_deg_s:0.000   d_deg_s:0.000   pid_deg_s:0.000 speed_deg_s:0.000       u_deg_s:0.000   v_limit_deg_s:120.000   dt_ms:10.002 kp:3.0000        ki:0.0000       kd:0.0000       t_s:33.603
target_deg:-90.000      position_deg:-90.176    error_deg:0.176 p_deg_s:0.000   i_deg_s:0.000   d_deg_s:0.000   pid_deg_s:0.000 speed_deg_s:0.000       u_deg_s:0.000   v_limit_deg_s:120.000   dt_ms:10.001 kp:3.0000        ki:0.0000       kd:0.0000       t_s:33.703
target_deg:-90.000      position_deg:-90.176    error_deg:0.176 p_deg_s:0.000   i_deg_s:0.000   d_deg_s:0.000   pid_deg_s:0.000 speed_deg_s:0.000       u_deg_s:0.000   v_limit_deg_s:120.000   dt_ms:10.001 kp:3.0000        ki:0.0000       kd:0.0000       t_s:33.803
target_deg:-90.000      position_deg:-90.176    error_deg:0.176 p_deg_s:0.000   i_deg_s:0.000   d_deg_s:0.000   pid_deg_s:0.000 speed_deg_s:0.000       u_deg_s:0.000   v_limit_deg_s:120.000   dt_ms:10.001 kp:3.0000        ki:0.0000       kd:0.0000       t_s:33.903
target_deg:-90.000      position_deg:-90.176    error_deg:0.176 p_deg_s:0.000   i_deg_s:0.000   d_deg_s:0.000   pid_deg_s:0.000 speed_deg_s:0.000       u_deg_s:0.000   v_limit_deg_s:120.000   dt_ms:10.001 kp:3.0000        ki:0.0000       kd:0.0000       t_s:34.003
target_deg:-90.000      position_deg:-90.176    error_deg:0.176 p_deg_s:0.000   i_deg_s:0.000   d_deg_s:0.000   pid_deg_s:0.000 speed_deg_s:0.000       u_deg_s:0.000   v_limit_deg_s:120.000   dt_ms:10.002 kp:3.0000        ki:0.0000       kd:0.0000       t_s:34.103
target_deg:-90.000      position_deg:-90.176    error_deg:0.176 p_deg_s:0.000   i_deg_s:0.000   d_deg_s:0.000   pid_deg_s:0.000 speed_deg_s:0.000       u_deg_s:0.000   v_limit_deg_s:120.000   dt_ms:10.002 kp:3.0000        ki:0.0000       kd:0.0000       t_s:34.203
target_deg:-90.000      position_deg:-90.176    error_deg:0.176 p_deg_s:0.000   i_deg_s:0.000   d_deg_s:0.000   pid_deg_s:0.000 speed_deg_s:0.000       u_deg_s:0.000   v_limit_deg_s:120.000   dt_ms:10.002 kp:3.0000        ki:0.0000       kd:0.0000       t_s:34.303
target_deg:-90.000      position_deg:-90.176    error_deg:0.176 p_deg_s:0.000   i_deg_s:0.000   d_deg_s:0.000   pid_deg_s:0.000 speed_deg_s:0.000       u_deg_s:0.000   v_limit_deg_s:120.000   dt_ms:10.000 kp:3.0000        ki:0.0000       kd:0.0000       t_s:34.403
target_deg:-90.000      position_deg:-90.088    error_deg:0.088 p_deg_s:0.000   i_deg_s:0.000   d_deg_s:0.000   pid_deg_s:0.000 speed_deg_s:0.000       u_deg_s:0.000   v_limit_deg_s:120.000   dt_ms:10.000 kp:3.0000        ki:0.0000       kd:0.0000       t_s:34.503
target_deg:-90.000      position_deg:-90.176    error_deg:0.176 p_deg_s:0.000   i_deg_s:0.000   d_deg_s:0.000   pid_deg_s:0.000 speed_deg_s:0.000       u_deg_s:0.000   v_limit_deg_s:120.000   dt_ms:10.001 kp:3.0000        ki:0.0000       kd:0.0000       t_s:34.603
target_deg:-90.000      position_deg:-90.176    error_deg:0.176 p_deg_s:0.000   i_deg_s:0.000   d_deg_s:0.000   pid_deg_s:0.000 speed_deg_s:0.000       u_deg_s:0.000   v_limit_deg_s:120.000   dt_ms:10.002 kp:3.0000        ki:0.0000       kd:0.0000       t_s:34.703
target_deg:-90.000      position_deg:-90.088    error_deg:0.088 p_deg_s:0.000   i_deg_s:0.000   d_deg_s:0.000   pid_deg_s:0.000 speed_deg_s:0.000       u_deg_s:0.000   v_limit_deg_s:120.000   dt_ms:10.001 kp:3.0000        ki:0.0000       kd:0.0000       t_s:34.803
target_deg:-90.000      position_deg:-90.176    error_deg:0.176 p_deg_s:0.000   i_deg_s:0.000   d_deg_s:0.000   pid_deg_s:0.000 speed_deg_s:0.000       u_deg_s:0.000   v_limit_deg_s:120.000   dt_ms:10.001 kp:3.0000        ki:0.0000       kd:0.0000       t_s:34.903
target_deg:-90.000      position_deg:-90.176    error_deg:0.176 p_deg_s:0.000   i_deg_s:0.000   d_deg_s:0.000   pid_deg_s:0.000 speed_deg_s:0.000       u_deg_s:0.000   v_limit_deg_s:120.000   dt_ms:10.000 kp:3.0000        ki:0.0000       kd:0.0000       t_s:35.003
target_deg:-90.000      position_deg:-90.176    error_deg:0.176 p_deg_s:0.000   i_deg_s:0.000   d_deg_s:0.000   pid_deg_s:0.000 speed_deg_s:0.000       u_deg_s:0.000   v_limit_deg_s:120.000   dt_ms:10.002 kp:3.0000        ki:0.0000       kd:0.0000       t_s:35.103
target_deg:-90.000      position_deg:-90.176    error_deg:0.176 p_deg_s:0.000   i_deg_s:0.000   d_deg_s:0.000   pid_deg_s:0.000 speed_deg_s:0.000       u_deg_s:0.000   v_limit_deg_s:120.000   dt_ms:10.002 kp:3.0000        ki:0.0000       kd:0.0000       t_s:35.204
target_deg:-90.000      position_deg:-90.088    error_deg:0.088 p_deg_s:0.000   i_deg_s:0.000   d_deg_s:0.000   pid_deg_s:0.000 speed_deg_s:0.000       u_deg_s:0.000   v_limit_deg_s:120.000   dt_ms:10.000 kp:3.0000        ki:0.0000       kd:0.0000       t_s:35.304
target_deg:-90.000      position_deg:-90.176    error_deg:0.176 p_deg_s:0.000   i_deg_s:0.000   d_deg_s:0.000   pid_deg_s:0.000 speed_deg_s:0.000       u_deg_s:0.000   v_limit_deg_s:120.000   dt_ms:10.001 kp:3.0000        ki:0.0000       kd:0.0000       t_s:35.404
target_deg:-90.000      position_deg:-90.176    error_deg:0.176 p_deg_s:0.000   i_deg_s:0.000   d_deg_s:0.000   pid_deg_s:0.000 speed_deg_s:0.000       u_deg_s:0.000   v_limit_deg_s:120.000   dt_ms:10.003 kp:3.0000        ki:0.0000       kd:0.0000       t_s:35.504
target_deg:-90.000      position_deg:-90.176    error_deg:0.176 p_deg_s:0.000   i_deg_s:0.000   d_deg_s:0.000   pid_deg_s:0.000 speed_deg_s:0.000       u_deg_s:0.000   v_limit_deg_s:120.000   dt_ms:10.001 kp:3.0000        ki:0.0000       kd:0.0000       t_s:35.604
target_deg:-90.000      position_deg:-90.088    error_deg:0.088 p_deg_s:0.000   i_deg_s:0.000   d_deg_s:0.000   pid_deg_s:0.000 speed_deg_s:0.000       u_deg_s:0.000   v_limit_deg_s:120.000   dt_ms:10.001 kp:3.0000        ki:0.0000       kd:0.0000       t_s:35.704
target_deg:-90.000      position_deg:-90.176    error_deg:0.176 p_deg_s:0.000   i_deg_s:0.000   d_deg_s:0.000   pid_deg_s:0.000 speed_deg_s:0.000       u_deg_s:0.000   v_limit_deg_s:120.000   dt_ms:10.001 kp:3.0000        ki:0.0000       kd:0.0000       t_s:35.804
target_deg:-90.000      position_deg:-90.176    error_deg:0.176 p_deg_s:0.000   i_deg_s:0.000   d_deg_s:0.000   pid_deg_s:0.000 speed_deg_s:0.000       u_deg_s:0.000   v_limit_deg_s:120.000   dt_ms:10.002 kp:3.0000        ki:0.0000       kd:0.0000       t_s:35.904
target_deg:-90.000      position_deg:-90.176    error_deg:0.176 p_deg_s:0.000   i_deg_s:0.000   d_deg_s:0.000   pid_deg_s:0.000 speed_deg_s:0.000       u_deg_s:0.000   v_limit_deg_s:120.000   dt_ms:10.003 kp:3.0000        ki:0.0000       kd:0.0000       t_s:36.004
target_deg:-90.000      position_deg:-90.176    error_deg:0.176 p_deg_s:0.000   i_deg_s:0.000   d_deg_s:0.000   pid_deg_s:0.000 speed_deg_s:0.000       u_deg_s:0.000   v_limit_deg_s:120.000   dt_ms:10.003 kp:3.0000        ki:0.0000       kd:0.0000       t_s:36.104
target_deg:-90.000      position_deg:-90.176    error_deg:0.176 p_deg_s:0.000   i_deg_s:0.000   d_deg_s:0.000   pid_deg_s:0.000 speed_deg_s:0.000       u_deg_s:0.000   v_limit_deg_s:120.000   dt_ms:10.001 kp:3.0000        ki:0.0000       kd:0.0000       t_s:36.204
target_deg:-90.000      position_deg:-90.176    error_deg:0.176 p_deg_s:0.000   i_deg_s:0.000   d_deg_s:0.000   pid_deg_s:0.000 speed_deg_s:0.000       u_deg_s:0.000   v_limit_deg_s:120.000   dt_ms:10.000 kp:3.0000        ki:0.0000       kd:0.0000       t_s:36.304
target_deg:-90.000      position_deg:-90.176    error_deg:0.176 p_deg_s:0.000   i_deg_s:0.000   d_deg_s:0.000   pid_deg_s:0.000 speed_deg_s:0.000       u_deg_s:0.000   v_limit_deg_s:120.000   dt_ms:10.000 kp:3.0000        ki:0.0000       kd:0.0000       t_s:36.404
target_deg:-90.000      position_deg:-90.176    error_deg:0.176 p_deg_s:0.000   i_deg_s:0.000   d_deg_s:0.000   pid_deg_s:0.000 speed_deg_s:0.000       u_deg_s:0.000   v_limit_deg_s:120.000   dt_ms:10.001 kp:3.0000        ki:0.0000       kd:0.0000       t_s:36.504
target_deg:-90.000      position_deg:-90.088    error_deg:0.088 p_deg_s:0.000   i_deg_s:0.000   d_deg_s:0.000   pid_deg_s:0.000 speed_deg_s:0.000       u_deg_s:0.000   v_limit_deg_s:120.000   dt_ms:10.001 kp:3.0000        ki:0.0000       kd:0.0000       t_s:36.604
target_deg:-90.000      position_deg:-90.176    error_deg:0.176 p_deg_s:0.000   i_deg_s:0.000   d_deg_s:0.000   pid_deg_s:0.000 speed_deg_s:0.000       u_deg_s:0.000   v_limit_deg_s:120.000   dt_ms:10.001 kp:3.0000        ki:0.0000       kd:0.0000       t_s:36.704
target_deg:-90.000      position_deg:-90.176    error_deg:0.176 p_deg_s:0.000   i_deg_s:0.000   d_deg_s:0.000   pid_deg_s:0.000 speed_deg_s:0.000       u_deg_s:0.000   v_limit_deg_s:120.000   dt_ms:10.000 kp:3.0000        ki:0.0000       kd:0.0000       t_s:36.804
target_deg:-90.000      position_deg:-90.176    error_deg:0.176 p_deg_s:0.000   i_deg_s:0.000   d_deg_s:0.000   pid_deg_s:0.000 speed_deg_s:0.000       u_deg_s:0.000   v_limit_deg_s:120.000   dt_ms:10.001 kp:3.0000        ki:0.0000       kd:0.0000       t_s:36.904
target_deg:-90.000      position_deg:-90.176    error_deg:0.176 p_deg_s:0.000   i_deg_s:0.000   d_deg_s:0.000   pid_deg_s:0.000 speed_deg_s:0.000       u_deg_s:0.000   v_limit_deg_s:120.000   dt_ms:10.002 kp:3.0000        ki:0.0000       kd:0.0000       t_s:37.004
target_deg:-90.000      position_deg:-90.176    error_deg:0.176 p_deg_s:0.000   i_deg_s:0.000   d_deg_s:0.000   pid_deg_s:0.000 speed_deg_s:0.000       u_deg_s:0.000   v_limit_deg_s:120.000   dt_ms:10.001 kp:3.0000        ki:0.0000       kd:0.0000       t_s:37.104
target_deg:-90.000      position_deg:-90.176    error_deg:0.176 p_deg_s:0.000   i_deg_s:0.000   d_deg_s:0.000   pid_deg_s:0.000 speed_deg_s:0.000       u_deg_s:0.000   v_limit_deg_s:120.000   dt_ms:10.001 kp:3.0000        ki:0.0000       kd:0.0000       t_s:37.204
target_deg:-90.000      position_deg:-90.176    error_deg:0.176 p_deg_s:0.000   i_deg_s:0.000   d_deg_s:0.000   pid_deg_s:0.000 speed_deg_s:0.000       u_deg_s:0.000   v_limit_deg_s:120.000   dt_ms:10.000 kp:3.0000        ki:0.0000       kd:0.0000       t_s:37.304
target_deg:-90.000      position_deg:-90.176    error_deg:0.176 p_deg_s:0.000   i_deg_s:0.000   d_deg_s:0.000   pid_deg_s:0.000 speed_deg_s:0.000       u_deg_s:0.000   v_limit_deg_s:120.000   dt_ms:10.002 kp:3.0000        ki:0.0000       kd:0.0000       t_s:37.404
target_deg:-90.000      position_deg:-90.176    error_deg:0.176 p_deg_s:0.000   i_deg_s:0.000   d_deg_s:0.000   pid_deg_s:0.000 speed_deg_s:0.000       u_deg_s:0.000   v_limit_deg_s:120.000   dt_ms:10.002 kp:3.0000        ki:0.0000       kd:0.0000       t_s:37.504
target_deg:-90.000      position_deg:-90.176    error_deg:0.176 p_deg_s:0.000   i_deg_s:0.000   d_deg_s:0.000   pid_deg_s:0.000 speed_deg_s:0.000       u_deg_s:0.000   v_limit_deg_s:120.000   dt_ms:10.002 kp:3.0000        ki:0.0000       kd:0.0000       t_s:37.604
target_deg:-90.000      position_deg:-90.176    error_deg:0.176 p_deg_s:0.000   i_deg_s:0.000   d_deg_s:0.000   pid_deg_s:0.000 speed_deg_s:0.000       u_deg_s:0.000   v_limit_deg_s:120.000   dt_ms:10.002 kp:3.0000        ki:0.0000       kd:0.0000       t_s:37.704
target_deg:-90.000      position_deg:-90.176    error_deg:0.176 p_deg_s:0.000   i_deg_s:0.000   d_deg_s:0.000   pid_deg_s:0.000 speed_deg_s:0.000       u_deg_s:0.000   v_limit_deg_s:120.000   dt_ms:10.002 kp:3.0000        ki:0.0000       kd:0.0000       t_s:37.804
target_deg:-90.000      position_deg:-90.176    error_deg:0.176 p_deg_s:0.000   i_deg_s:0.000   d_deg_s:0.000   pid_deg_s:0.000 speed_deg_s:0.000       u_deg_s:0.000   v_limit_deg_s:120.000   dt_ms:10.000 kp:3.0000        ki:0.0000       kd:0.0000       t_s:37.904
target_deg:-90.000      position_deg:-90.176    error_deg:0.176 p_deg_s:0.000   i_deg_s:0.000   d_deg_s:0.000   pid_deg_s:0.000 speed_deg_s:0.000       u_deg_s:0.000   v_limit_deg_s:120.000   dt_ms:10.000 kp:3.0000        ki:0.0000       kd:0.0000       t_s:38.004
target_deg:-90.000      position_deg:-90.176    error_deg:0.176 p_deg_s:0.000   i_deg_s:0.000   d_deg_s:0.000   pid_deg_s:0.000 speed_deg_s:0.000       u_deg_s:0.000   v_limit_deg_s:120.000   dt_ms:10.001 kp:3.0000        ki:0.0000       kd:0.0000       t_s:38.104
target_deg:-90.000      position_deg:-90.176    error_deg:0.176 p_deg_s:0.000   i_deg_s:0.000   d_deg_s:0.000   pid_deg_s:0.000 speed_deg_s:0.000       u_deg_s:0.000   v_limit_deg_s:120.000   dt_ms:10.003 kp:3.0000        ki:0.0000       kd:0.0000       t_s:38.204
target_deg:-90.000      position_deg:-90.176    error_deg:0.176 p_deg_s:0.000   i_deg_s:0.000   d_deg_s:0.000   pid_deg_s:0.000 speed_deg_s:0.000       u_deg_s:0.000   v_limit_deg_s:120.000   dt_ms:10.003 kp:3.0000        ki:0.0000       kd:0.0000       t_s:38.304
target_deg:-90.000      position_deg:-90.176    error_deg:0.176 p_deg_s:0.000   i_deg_s:0.000   d_deg_s:0.000   pid_deg_s:0.000 speed_deg_s:0.000       u_deg_s:0.000   v_limit_deg_s:120.000   dt_ms:10.000 kp:3.0000        ki:0.0000       kd:0.0000       t_s:38.404
target_deg:-90.000      position_deg:-90.176    error_deg:0.176 p_deg_s:0.000   i_deg_s:0.000   d_deg_s:0.000   pid_deg_s:0.000 speed_deg_s:0.000       u_deg_s:0.000   v_limit_deg_s:120.000   dt_ms:10.002 kp:3.0000        ki:0.0000       kd:0.0000       t_s:38.504
target_deg:-90.000      position_deg:-90.088    error_deg:0.088 p_deg_s:0.000   i_deg_s:0.000   d_deg_s:0.000   pid_deg_s:0.000 speed_deg_s:0.000       u_deg_s:0.000   v_limit_deg_s:120.000   dt_ms:10.002 kp:3.0000        ki:0.0000       kd:0.0000       t_s:38.604
target_deg:-90.000      position_deg:-90.176    error_deg:0.176 p_deg_s:0.000   i_deg_s:0.000   d_deg_s:0.000   pid_deg_s:0.000 speed_deg_s:0.000       u_deg_s:0.000   v_limit_deg_s:120.000   dt_ms:10.001 kp:3.0000        ki:0.0000       kd:0.0000       t_s:38.704
target_deg:-90.000      position_deg:-90.176    error_deg:0.176 p_deg_s:0.000   i_deg_s:0.000   d_deg_s:0.000   pid_deg_s:0.000 speed_deg_s:0.000       u_deg_s:0.000   v_limit_deg_s:120.000   dt_ms:10.003 kp:3.0000        ki:0.0000       kd:0.0000       t_s:38.804
target_deg:-90.000      position_deg:-90.176    error_deg:0.176 p_deg_s:0.000   i_deg_s:0.000   d_deg_s:0.000   pid_deg_s:0.000 speed_deg_s:0.000       u_deg_s:0.000   v_limit_deg_s:120.000   dt_ms:10.000 kp:3.0000        ki:0.0000       kd:0.0000       t_s:38.904
target_deg:-90.000      position_deg:-90.176    error_deg:0.176 p_deg_s:0.000   i_deg_s:0.000   d_deg_s:0.000   pid_deg_s:0.000 speed_deg_s:0.000       u_deg_s:0.000   v_limit_deg_s:120.000   dt_ms:10.000 kp:3.0000        ki:0.0000       kd:0.0000       t_s:39.004
target_deg:-90.000      position_deg:-90.176    error_deg:0.176 p_deg_s:0.000   i_deg_s:0.000   d_deg_s:0.000   pid_deg_s:0.000 speed_deg_s:0.000       u_deg_s:0.000   v_limit_deg_s:120.000   dt_ms:10.000 kp:3.0000        ki:0.0000       kd:0.0000       t_s:39.104
target_deg:-90.000      position_deg:-90.088    error_deg:0.088 p_deg_s:0.000   i_deg_s:0.000   d_deg_s:0.000   pid_deg_s:0.000 speed_deg_s:0.000       u_deg_s:0.000   v_limit_deg_s:120.000   dt_ms:10.002 kp:3.0000        ki:0.0000       kd:0.0000       t_s:39.204
target_deg:-90.000      position_deg:-90.088    error_deg:0.088 p_deg_s:0.000   i_deg_s:0.000   d_deg_s:0.000   pid_deg_s:0.000 speed_deg_s:0.000       u_deg_s:0.000   v_limit_deg_s:120.000   dt_ms:10.002 kp:3.0000        ki:0.0000       kd:0.0000       t_s:39.304
target_deg:-90.000      position_deg:-90.176    error_deg:0.176 p_deg_s:0.000   i_deg_s:0.000   d_deg_s:0.000   pid_deg_s:0.000 speed_deg_s:0.000       u_deg_s:0.000   v_limit_deg_s:120.000   dt_ms:10.001 kp:3.0000        ki:0.0000       kd:0.0000       t_s:39.404
target_deg:-90.000      position_deg:-90.176    error_deg:0.176 p_deg_s:0.000   i_deg_s:0.000   d_deg_s:0.000   pid_deg_s:0.000 speed_deg_s:0.000       u_deg_s:0.000   v_limit_deg_s:120.000   dt_ms:10.001 kp:3.0000        ki:0.0000       kd:0.0000       t_s:39.504
target_deg:-90.000      position_deg:-90.176    error_deg:0.176 p_deg_s:0.000   i_deg_s:0.000   d_deg_s:0.000   pid_deg_s:0.000 speed_deg_s:0.000       u_deg_s:0.000   v_limit_deg_s:120.000   dt_ms:10.002 kp:3.0000        ki:0.0000       kd:0.0000       t_s:39.604
target_deg:-90.000      position_deg:-90.176    error_deg:0.176 p_deg_s:0.000   i_deg_s:0.000   d_deg_s:0.000   pid_deg_s:0.000 speed_deg_s:0.000       u_deg_s:0.000   v_limit_deg_s:120.000   dt_ms:10.000 kp:3.0000        ki:0.0000       kd:0.0000       t_s:39.704
target_deg:-90.000      position_deg:-90.176    error_deg:0.176 p_deg_s:0.000   i_deg_s:0.000   d_deg_s:0.000   pid_deg_s:0.000 speed_deg_s:0.000       u_deg_s:0.000   v_limit_deg_s:120.000   dt_ms:10.002 kp:3.0000        ki:0.0000       kd:0.0000       t_s:39.804
target_deg:-90.000      position_deg:-90.176    error_deg:0.176 p_deg_s:0.000   i_deg_s:0.000   d_deg_s:0.000   pid_deg_s:0.000 speed_deg_s:0.000       u_deg_s:0.000   v_limit_deg_s:120.000   dt_ms:10.001 kp:3.0000        ki:0.0000       kd:0.0000       t_s:39.904
target_deg:-90.000      position_deg:-90.176    error_deg:0.176 p_deg_s:0.000   i_deg_s:0.000   d_deg_s:0.000   pid_deg_s:0.000 speed_deg_s:0.000       u_deg_s:0.000   v_limit_deg_s:120.000   dt_ms:10.001 kp:3.0000        ki:0.0000       kd:0.0000       t_s:40.004
target_deg:-90.000      position_deg:-90.176    error_deg:0.176 p_deg_s:0.000   i_deg_s:0.000   d_deg_s:0.000   pid_deg_s:0.000 speed_deg_s:0.000       u_deg_s:0.000   v_limit_deg_s:120.000   dt_ms:10.001 kp:3.0000        ki:0.0000       kd:0.0000       t_s:40.104
target_deg:-90.000      position_deg:-90.176    error_deg:0.176 p_deg_s:0.000   i_deg_s:0.000   d_deg_s:0.000   pid_deg_s:0.000 speed_deg_s:0.000       u_deg_s:0.000   v_limit_deg_s:120.000   dt_ms:10.001 kp:3.0000        ki:0.0000       kd:0.0000       t_s:40.204
